cohort,group,site,sex,ctl_bw6,ctl_median,n_ctl,n_tx,log_hr,se,hr,control_km_median,treated_km_median,median_gain_pct,control_cluster,sex_specific_control
C2004,4-OH-PBN,UM,m,36.94528279245283,813.0,126,60,-0.0363691068127303,0.1650225415520136,0.9642843038820992,866.0,879.0,1.5011547344110854,C2004|UM,C2004|UM|m
C2004,4-OH-PBN,UM,f,27.301219536585368,889.5,96,48,0.1169488653606906,0.2000897978626699,1.1240619497185804,920.0,863.0,-6.195652173913044,C2004|UM,C2004|UM|f
C2004,Aspirin,UM,m,36.94528279245283,813.0,126,60,-0.0606720951325828,0.1648323173319644,0.9411317908806514,866.0,889.0,2.655889145496536,C2004|UM,C2004|UM|m
C2004,Aspirin,UM,f,27.301219536585368,889.5,96,48,0.291667552603592,0.1903007721520913,1.338657910319042,920.0,838.0,-8.91304347826087,C2004|UM,C2004|UM|f
C2004,NDGA,UM,m,36.94528279245283,813.0,126,60,-0.2255020130581491,0.1637826575784979,0.7981154537934556,866.0,928.0,7.159353348729792,C2004|UM,C2004|UM|m
C2004,NDGA,UM,f,27.301219536585368,889.5,96,52,-0.3062487459009889,0.1966600099246863,0.7362034690828639,920.0,916.0,-0.43478260869565216,C2004|UM,C2004|UM|f
C2004,NFP,UM,m,36.94528279245283,813.0,126,60,0.2491379285466276,0.167265136998645,1.282918972016316,866.0,831.0,-4.041570438799076,C2004|UM,C2004|UM|m
C2004,NFP,UM,f,27.301219536585368,889.5,96,48,0.1200800522718285,0.1941819130598667,1.127587113876627,920.0,892.0,-3.0434782608695654,C2004|UM,C2004|UM|f
C2005,CAPE_hi,TJL,m,41.30578512396694,802.5,126,60,-0.1257288596879227,0.1646340195091267,0.8818539205179037,804.0,843.0,4.850746268656716,C2005|TJL,C2005|TJL|m
C2005,CAPE_hi,TJL,f,30.19148936170213,876.5,96,48,-0.4629838231751494,0.18166890954249,0.6294028141648944,881.0,958.0,8.740068104426788,C2005|TJL,C2005|TJL|f
C2005,CAPE_hi,UM,m,36.65363631818182,860.5,126,60,0.250106327335421,0.1681207831608988,1.2841619509474442,899.0,847.0,-5.784204671857619,C2005|UM,C2005|UM|m
C2005,CAPE_hi,UM,f,26.974736884210525,884.5,96,48,-0.2220660357387259,0.1803063466303448,0.8008624770431633,891.0,933.0,4.713804713804714,C2005|UM,C2005|UM|f
C2005,CAPE_hi,UT,m,43.32934760869566,716.5,126,63,-0.0244596120755234,0.1574563082071159,0.9758371001576356,722.0,710.0,-1.6620498614958448,C2005|UT,C2005|UT|m
C2005,CAPE_hi,UT,f,28.64666661333333,883.5,104,52,0.1153345170033949,0.1742661767997466,1.1222487860891937,896.0,858.0,-4.241071428571429,C2005|UT,C2005|UT|f
C2005,CAPE_lo,TJL,m,41.30578512396694,802.5,126,60,0.0392067610835004,0.1637383539560068,1.0399854899486507,804.0,792.0,-1.492537313432836,C2005|TJL,C2005|TJL|m
C2005,CAPE_lo,TJL,f,30.19148936170213,876.5,96,48,-0.2039740941136919,0.1846184034970113,0.815483496736406,881.0,920.0,4.426787741203178,C2005|TJL,C2005|TJL|f
C2005,CAPE_lo,UM,m,36.65363631818182,860.5,126,60,0.2095836485790194,0.1626361644368137,1.2331645232567336,899.0,881.0,-2.0022246941045605,C2005|UM,C2005|UM|m
C2005,CAPE_lo,UM,f,26.974736884210525,884.5,96,48,-0.0678659294017675,0.1789929060331022,0.9343857388348172,891.0,895.0,0.4489337822671156,C2005|UM,C2005|UM|f
C2005,CAPE_lo,UT,m,43.32934760869566,716.5,126,60,-0.2612044108967642,0.1598772534830901,0.7701234818930814,722.0,767.0,6.232686980609419,C2005|UT,C2005|UT|m
C2005,CAPE_lo,UT,f,28.64666661333333,883.5,104,48,0.2277710705405953,0.1771497509775228,1.255797803410213,896.0,848.0,-5.357142857142857,C2005|UT,C2005|UT|f
C2005,Enal,TJL,m,41.30578512396694,802.5,126,60,0.1253427187349182,0.1634243338173638,1.1335368708263556,804.0,798.0,-0.746268656716418,C2005|TJL,C2005|TJL|m
C2005,Enal,TJL,f,30.19148936170213,876.5,96,48,-0.1416962308143351,0.1891118531211225,0.8678848531227031,881.0,878.0,-0.340522133938706,C2005|TJL,C2005|TJL|f
C2005,Enal,UM,m,36.65363631818182,860.5,126,60,-0.0672082845752672,0.166654743968498,0.935000434885602,899.0,932.0,3.670745272525028,C2005|UM,C2005|UM|m
C2005,Enal,UM,f,26.974736884210525,884.5,96,44,-0.1837548153007277,0.1839531161970412,0.8321398067647243,891.0,951.0,6.734006734006734,C2005|UM,C2005|UM|f
C2005,Enal,UT,m,43.32934760869566,716.5,126,60,-0.3948041951390745,0.1619070201637757,0.6738119619903966,722.0,849.0,17.590027700831026,C2005|UT,C2005|UT|m
C2005,Enal,UT,f,28.64666661333333,883.5,104,52,0.2397699896510918,0.1738014480753063,1.270956783485778,896.0,839.0,-6.361607142857143,C2005|UT,C2005|UT|f
C2005,Rapa,TJL,m,41.30578512396694,802.5,126,60,-0.3519560255667614,0.1655944178832173,0.703311049001107,804.0,819.0,1.8656716417910448,C2005|TJL,C2005|TJL|m
C2005,Rapa,TJL,f,30.19148936170213,876.5,96,48,-0.8952550654782437,0.2030179548446199,0.408503390238835,881.0,1014.0,15.096481271282633,C2005|TJL,C2005|TJL|f
C2005,Rapa,UM,m,36.65363631818182,860.5,126,57,-0.4235335071791306,0.170757794538553,0.6547292371690554,899.0,1054.0,17.24137931034483,C2005|UM,C2005|UM|m
C2005,Rapa,UM,f,26.974736884210525,884.5,96,48,-0.9197945552483504,0.1998760662883752,0.3986009231407688,891.0,1024.0,14.927048260381595,C2005|UM,C2005|UM|f
C2005,Rapa,UT,m,43.32934760869566,716.5,126,60,-0.9305359254121314,0.1724291581728376,0.3943423156627201,722.0,977.0,35.3185595567867,C2005|UT,C2005|UT|m
C2005,Rapa,UT,f,28.64666661333333,883.5,104,48,-0.3662414043448529,0.1790250432488944,0.6933354068260548,896.0,942.0,5.133928571428571,C2005|UT,C2005|UT|f
C2006,Rapa,TJL,m,42.06666666666667,726.5,120,60,-0.4442256955236969,0.1764798822782892,0.6413206612896372,808.0,841.0,4.084158415841584,C2006|TJL,C2006|TJL|m
C2006,Rapa,TJL,f,29.661016949152543,848.0,96,48,-1.0212432732637062,0.2181213277187649,0.3601469007003944,915.0,1077.0,17.704918032786885,C2006|TJL,C2006|TJL|f
C2006,Rapa,UM,m,34.34672885981309,846.0,111,54,-0.5452513074068172,0.1908543151380453,0.5796960831134509,869.0,952.0,9.551208285385501,C2006|UM,C2006|UM|m
C2006,Rapa,UM,f,26.037931,893.0,88,48,-0.8374549117614208,0.1973555344882641,0.4328106641885393,891.0,1001.0,12.345679012345679,C2006|UM,C2006|UM|f
C2006,Res_hi,TJL,m,42.06666666666667,726.5,120,60,0.1571308520626484,0.1716943345502029,1.170148720257205,808.0,805.0,-0.3712871287128713,C2006|TJL,C2006|TJL|m
C2006,Res_hi,TJL,f,29.661016949152543,848.0,96,48,-0.0633967872293409,0.1947811484848547,0.9385709868136052,915.0,893.0,-2.4043715846994536,C2006|TJL,C2006|TJL|f
C2006,Res_hi,UM,m,34.34672885981309,846.0,111,54,-0.190287386984027,0.1780790257808233,0.8267215107984797,869.0,893.0,2.761795166858458,C2006|UM,C2006|UM|m
C2006,Res_hi,UM,f,26.037931,893.0,88,48,-0.2535407547624378,0.1819305167203452,0.7760481166240059,891.0,945.0,6.0606060606060606,C2006|UM,C2006|UM|f
C2006,Res_lo,TJL,m,42.06666666666667,726.5,120,60,0.103081695841395,0.1676983299104289,1.108581971913604,808.0,757.0,-6.311881188118812,C2006|TJL,C2006|TJL|m
C2006,Res_lo,TJL,f,29.661016949152543,848.0,96,48,0.0219931630688547,0.1941017323105466,1.0222367954839615,915.0,925.0,1.092896174863388,C2006|TJL,C2006|TJL|f
C2006,Res_lo,UM,m,34.34672885981309,846.0,111,51,0.0323644394778082,0.1735042000247978,1.0328938640214012,869.0,882.0,1.4959723820483315,C2006|UM,C2006|UM|m
C2006,Res_lo,UM,f,26.037931,893.0,88,48,0.122169122104208,0.1809549039214201,1.1299451843289354,891.0,860.0,-3.479236812570146,C2006|UM,C2006|UM|f
C2006,Sim_hi,TJL,m,42.06666666666667,726.5,120,60,-0.1064900221783148,0.1702886249401726,0.8989840180187111,808.0,780.0,-3.4653465346534653,C2006|TJL,C2006|TJL|m
C2006,Sim_hi,TJL,f,29.661016949152543,848.0,96,48,0.0795916934942317,0.1929505875065537,1.0828448448049934,915.0,869.0,-5.027322404371585,C2006|TJL,C2006|TJL|f
C2006,Sim_hi,UM,m,34.34672885981309,846.0,111,54,-0.060966070699472,0.1681746930650104,0.9408551617919986,869.0,878.0,1.0356731875719218,C2006|UM,C2006|UM|m
C2006,Sim_hi,UM,f,26.037931,893.0,88,48,-0.0481028520277163,0.181083487697399,0.9530357603760278,891.0,890.0,-0.1122334455667789,C2006|UM,C2006|UM|f
C2006,Sim_lo,TJL,m,42.06666666666667,726.5,120,60,-0.2732772782380788,0.1692122659867742,0.7608817824166947,808.0,812.0,0.49504950495049505,C2006|TJL,C2006|TJL|m
C2006,Sim_lo,TJL,f,29.661016949152543,848.0,96,47,0.1765909920439995,0.1929740374921134,1.1931429883396956,915.0,897.0,-1.9672131147540983,C2006|TJL,C2006|TJL|f
C2006,Sim_lo,UM,m,34.34672885981309,846.0,111,53,-0.0546642523126974,0.1690031590541867,0.94680298150593,869.0,880.0,1.2658227848101267,C2006|UM,C2006|UM|m
C2006,Sim_lo,UM,f,26.037931,893.0,88,48,-0.1876448169444874,0.1819306691393158,0.8289090694093723,891.0,922.0,3.479236812570146,C2006|UM,C2006|UM|f
C2007,Cur,TJL,m,42.81609195402299,698.0,99,51,-0.1409986412812179,0.1782230202270858,0.8684904917312094,728.0,800.0,9.89010989010989,C2007|TJL,C2007|TJL|m
C2007,Cur,TJL,f,30.15909090909091,835.5,98,44,-0.1155681439933924,0.1865704088293572,0.8908598634199845,860.0,948.0,10.232558139534884,C2007|TJL,C2007|TJL|f
C2007,Cur,UM,m,36.754761797619054,777.5,96,57,-0.2020690072072216,0.1856171362656927,0.8170385444486805,793.0,838.0,5.674653215636822,C2007|UM,C2007|UM|m
C2007,Cur,UM,f,28.75348836046512,900.0,91,44,-0.0149328953633895,0.1850381565396897,0.9851780473998354,900.0,881.0,-2.111111111111111,C2007|UM,C2007|UM|f
C2007,GTE,TJL,m,42.81609195402299,698.0,99,51,-0.0943843608231658,0.1836566681527909,0.9099329524398564,728.0,769.0,5.631868131868132,C2007|TJL,C2007|TJL|m
C2007,GTE,TJL,f,30.15909090909091,835.5,98,44,0.0142688941906425,0.1899516840222675,1.0143711807878577,860.0,937.0,8.953488372093023,C2007|TJL,C2007|TJL|f
C2007,GTE,UM,m,36.754761797619054,777.5,96,51,-0.3406985218923806,0.1769515794893462,0.7112733092174434,793.0,887.0,11.853720050441362,C2007|UM,C2007|UM|m
C2007,GTE,UM,f,28.75348836046512,900.0,91,42,-0.0198160722855648,0.1902535889813022,0.980378975589214,900.0,937.0,4.111111111111111,C2007|UM,C2007|UM|f
C2007,MCTO,TJL,m,42.81609195402299,698.0,99,51,-0.0130922571572378,0.1778452337569527,0.9869930736446324,728.0,738.0,1.3736263736263736,C2007|TJL,C2007|TJL|m
C2007,MCTO,TJL,f,30.15909090909091,835.5,98,44,-0.059371991004824,0.1858369695202439,0.942356155935312,860.0,899.0,4.534883720930233,C2007|TJL,C2007|TJL|f
C2007,MCTO,UM,m,36.754761797619054,777.5,96,51,-0.378761237519484,0.1828379140088946,0.6847090759884623,793.0,860.0,8.448928121059268,C2007|UM,C2007|UM|m
C2007,MCTO,UM,f,28.75348836046512,900.0,91,48,-0.1674158476585844,0.1854362407713786,0.8458477943663204,900.0,905.0,0.5555555555555556,C2007|UM,C2007|UM|f
C2007,OAA,TJL,m,42.81609195402299,698.0,99,51,0.1408755483300082,0.1789818378463522,1.151281360180821,728.0,749.0,2.8846153846153846,C2007|TJL,C2007|TJL|m
C2007,OAA,TJL,f,30.15909090909091,835.5,98,44,-0.1515125896755735,0.1848964750715009,0.8594070625487156,860.0,951.0,10.581395348837209,C2007|TJL,C2007|TJL|f
C2007,OAA,UM,m,36.754761797619054,777.5,96,51,-0.2887250784639567,0.1838568485968292,0.7492181532971525,793.0,845.0,6.557377049180328,C2007|UM,C2007|UM|m
C2007,OAA,UM,f,28.75348836046512,900.0,91,46,-0.1275949375249942,0.1820674209840013,0.8802098469230287,900.0,920.0,2.2222222222222223,C2007|UM,C2007|UM|f
C2007,Res,TJL,m,42.81609195402299,698.0,99,51,-0.1137856073588688,0.1777139898436771,0.8924492699295694,728.0,754.0,3.5714285714285716,C2007|TJL,C2007|TJL|m
C2007,Res,TJL,f,30.15909090909091,835.5,98,44,-0.1411230999964093,0.1854294998133036,0.8683824072466201,860.0,939.0,9.186046511627907,C2007|TJL,C2007|TJL|f
C2007,Res,UM,m,36.754761797619054,777.5,96,51,-0.1623727945986826,0.1754616320645707,0.8501242237407193,793.0,869.0,9.583858764186633,C2007|UM,C2007|UM|m
C2007,Res,UM,f,28.75348836046512,900.0,91,44,-0.1113536221649801,0.1903086514512228,0.8946223346999497,900.0,936.0,4.0,C2007|UM,C2007|UM|f
C2009,17aE2,TJL,m,43.464646464646464,807.0,102,54,-0.0605542877421304,0.1718696284665206,0.9412426696920504,810.0,828.0,2.2222222222222223,C2009|TJL,C2009|TJL|m
C2009,17aE2,TJL,f,32.71666666666667,785.0,96,48,-0.0697032547509272,0.1994765883224137,0.9326705443985788,908.0,882.0,-2.8634361233480177,C2009|TJL,C2009|TJL|f
C2009,17aE2,UM,m,35.86105234736842,907.0,99,51,-0.2613364361870554,0.1835370024047115,0.770021812828416,925.0,949.0,2.5945945945945947,C2009|UM,C2009|UM|m
C2009,17aE2,UM,f,28.29325835955056,886.5,92,44,0.2055941474509678,0.1902484046839187,1.2282546125594855,896.0,910.0,1.5625,C2009|UM,C2009|UM|f
C2009,17aE2,UT,m,44.64040406060607,704.0,99,51,-0.6189888432248798,0.1876902558067199,0.5384886588575257,704.0,900.0,27.84090909090909,C2009|UT,C2009|UT|m
C2009,17aE2,UT,f,34.88804328260869,865.5,92,44,-0.0938360789458781,0.1866645223309105,0.9104319889810706,864.0,903.0,4.513888888888889,C2009|UT,C2009|UT|f
C2009,ACA,TJL,m,43.464646464646464,807.0,102,54,-0.5867475353609682,0.1717308768812598,0.5561331497907267,810.0,974.0,20.246913580246915,C2009|TJL,C2009|TJL|m
C2009,ACA,TJL,f,32.71666666666667,785.0,96,48,-0.225898884137602,0.2045799744335377,0.7977987676977136,908.0,911.0,0.3303964757709251,C2009|TJL,C2009|TJL|f
C2009,ACA,UM,m,35.86105234736842,907.0,99,51,-0.3479367049723355,0.1800632199331432,0.7061435701767261,925.0,999.0,8.0,C2009|UM,C2009|UM|m
C2009,ACA,UM,f,28.29325835955056,886.5,92,44,-0.2872282653447476,0.1894396785483352,0.7503404325697924,896.0,960.0,7.142857142857143,C2009|UM,C2009|UM|f
C2009,ACA,UT,m,44.64040406060607,704.0,99,51,-1.2617236863190064,0.2059553474481425,0.2831655170744188,704.0,981.0,39.34659090909091,C2009|UT,C2009|UT|m
C2009,ACA,UT,f,34.88804328260869,865.5,92,44,-0.4128996310883765,0.1915778759365461,0.6617286964839155,864.0,942.0,9.027777777777779,C2009|UT,C2009|UT|f
C2009,MB,TJL,m,43.464646464646464,807.0,102,54,0.3281014521971745,0.1730375237278101,1.3883298142549874,810.0,701.0,-13.45679012345679,C2009|TJL,C2009|TJL|m
C2009,MB,TJL,f,32.71666666666667,785.0,96,48,-0.0567638459138909,0.2013757545585773,0.9448171654572084,908.0,862.0,-5.066079295154185,C2009|TJL,C2009|TJL|f
C2009,MB,UM,m,35.86105234736842,907.0,99,51,0.0457314060937738,0.1882755427614409,1.046793210916788,925.0,905.0,-2.1621621621621623,C2009|UM,C2009|UM|m
C2009,MB,UM,f,28.29325835955056,886.5,92,44,-0.3688607625166363,0.1878996407751451,0.6915216894870632,896.0,998.0,11.383928571428571,C2009|UM,C2009|UM|f
C2009,MB,UT,m,44.64040406060607,704.0,99,51,0.0018886548159179,0.1752286743534586,1.001890439447766,704.0,699.0,-0.7102272727272727,C2009|UT,C2009|UT|m
C2009,MB,UT,f,34.88804328260869,865.5,92,44,-0.0401125751820286,0.1852105806440692,0.9606812841942156,864.0,889.0,2.8935185185185186,C2009|UT,C2009|UT|f
C2009,Rapa_hi,TJL,m,43.464646464646464,807.0,102,54,-0.4631517850225735,0.1852411958230035,0.6292971073830551,810.0,835.0,3.0864197530864197,C2009|TJL,C2009|TJL|m
C2009,Rapa_hi,TJL,f,32.71666666666667,785.0,96,48,-1.358485471759406,0.266785368459158,0.2570497914608735,908.0,1086.0,19.60352422907489,C2009|TJL,C2009|TJL|f
C2009,Rapa_hi,UM,m,35.86105234736842,907.0,99,51,-0.5741413721312775,0.1990344678504987,0.5631882303733388,925.0,1077.0,16.43243243243243,C2009|UM,C2009|UM|m
C2009,Rapa_hi,UM,f,28.29325835955056,886.5,92,44,-1.5233142888425018,0.2166616113226698,0.2179882124811131,896.0,1162.0,29.6875,C2009|UM,C2009|UM|f
C2009,Rapa_hi,UT,m,44.64040406060607,704.0,99,51,-0.5753651879321521,0.197743254602935,0.5624994132967239,704.0,920.0,30.681818181818183,C2009|UT,C2009|UT|m
C2009,Rapa_hi,UT,f,34.88804328260869,865.5,92,44,-1.639535010858527,0.2255997147774663,0.1940702618781583,864.0,1146.0,32.638888888888886,C2009|UT,C2009|UT|f
C2009,Rapa_lo,TJL,m,43.464646464646464,807.0,102,54,0.1321049216767341,0.1707043616170984,1.1412280525466263,810.0,757.0,-6.54320987654321,C2009|TJL,C2009|TJL|m
C2009,Rapa_lo,TJL,f,32.71666666666667,785.0,96,48,-1.1839843875627796,0.2669513141896356,0.306056856858434,908.0,1058.0,16.519823788546255,C2009|TJL,C2009|TJL|f
C2009,Rapa_lo,UM,m,35.86105234736842,907.0,99,51,-0.4115726139503448,0.1824511380666918,0.6626074047063638,925.0,974.0,5.297297297297297,C2009|UM,C2009|UM|m
C2009,Rapa_lo,UM,f,28.29325835955056,886.5,92,44,-0.8179564283479104,0.1987431023141467,0.4413326284386719,896.0,1065.0,18.861607142857142,C2009|UM,C2009|UM|f
C2009,Rapa_lo,UT,m,44.64040406060607,704.0,99,51,-0.1280781309624337,0.1791836340972128,0.87978463803877,704.0,677.0,-3.835227272727273,C2009|UT,C2009|UT|m
C2009,Rapa_lo,UT,f,34.88804328260869,865.5,92,44,-0.7041836196852743,0.1979712185823995,0.4945121194702732,864.0,970.0,12.268518518518519,C2009|UT,C2009|UT|f
C2009,Rapa_mid,TJL,m,43.464646464646464,807.0,102,54,-0.0695963556330877,0.1733753209768525,0.9327702513862094,810.0,728.0,-10.123456790123457,C2009|TJL,C2009|TJL|m
C2009,Rapa_mid,TJL,f,32.71666666666667,785.0,96,48,-1.0454731729596811,0.2678719012081625,0.3515254476833937,908.0,1002.0,10.352422907488986,C2009|TJL,C2009|TJL|f
C2009,Rapa_mid,UM,m,35.86105234736842,907.0,99,51,-0.1984860201988211,0.1866827061313624,0.8199712336950992,925.0,1019.0,10.162162162162161,C2009|UM,C2009|UM|m
C2009,Rapa_mid,UM,f,28.29325835955056,886.5,92,44,-1.2216625736803817,0.21783957388053,0.2947397328232151,896.0,1093.0,21.986607142857142,C2009|UM,C2009|UM|f
C2009,Rapa_mid,UT,m,44.64040406060607,704.0,99,51,-0.6634407985508601,0.1916018120533553,0.5150760091888548,704.0,855.0,21.448863636363637,C2009|UT,C2009|UT|m
C2009,Rapa_mid,UT,f,34.88804328260869,865.5,92,44,-1.2372283733071687,0.2057907514704592,0.2901873955019992,864.0,1101.0,27.430555555555557,C2009|UT,C2009|UT|f
C2010,FO_hi,TJL,m,43.255102040816325,671.5,102,54,-0.1254223029199325,0.1774979310649063,0.8821243002468676,688.0,789.0,14.680232558139535,C2010|TJL,C2010|TJL|m
C2010,FO_hi,TJL,f,32.705263157894734,853.5,96,48,0.017305456833471,0.1794885279244625,1.0174560637712111,869.0,903.0,3.9125431530494823,C2010|TJL,C2010|TJL|f
C2010,FO_hi,UM,m,33.75757575757576,883.0,99,51,0.5438441021835202,0.1885154703046957,1.722616062993604,927.0,758.0,-18.230852211434737,C2010|UM,C2010|UM|m
C2010,FO_hi,UM,f,25.860439560439563,916.0,92,44,0.0605347635572261,0.1874200366437751,1.062404529889044,942.0,947.0,0.5307855626326964,C2010|UM,C2010|UM|f
C2010,FO_hi,UT,m,41.24444444444445,732.0,99,51,0.0421225546353826,0.1766368333783027,1.0430222981356183,734.0,703.0,-4.223433242506812,C2010|UT,C2010|UT|m
C2010,FO_hi,UT,f,31.032608695652176,895.0,92,44,0.3124471511878536,0.1893151889108026,1.3667657073209625,917.0,902.0,-1.6357688113413305,C2010|UT,C2010|UT|f
C2010,FO_lo,TJL,m,43.255102040816325,671.5,102,54,-0.0436110369608538,0.1795693530756959,0.9573262495919116,688.0,747.0,8.575581395348838,C2010|TJL,C2010|TJL|m
C2010,FO_lo,TJL,f,32.705263157894734,853.5,96,48,0.126709268305841,0.1817222810585087,1.135086964049195,869.0,852.0,-1.9562715765247412,C2010|TJL,C2010|TJL|f
C2010,FO_lo,UM,m,33.75757575757576,883.0,99,51,0.0415817918896859,0.1878154861158518,1.042458423008927,927.0,953.0,2.8047464940668823,C2010|UM,C2010|UM|m
C2010,FO_lo,UM,f,25.860439560439563,916.0,92,44,0.3083463589196436,0.1933394343764425,1.361172361488968,942.0,873.0,-7.32484076433121,C2010|UM,C2010|UM|f
C2010,FO_lo,UT,m,41.24444444444445,732.0,99,51,-0.3518146302468967,0.1836286927157679,0.7034105009226973,734.0,804.0,9.536784741144414,C2010|UT,C2010|UT|m
C2010,FO_lo,UT,f,31.032608695652176,895.0,92,44,0.1068737948707087,0.1888977795080707,1.1127938053307342,917.0,839.0,-8.505997818974919,C2010|UT,C2010|UT|f
C2010,ND_hi,TJL,m,43.255102040816325,671.5,102,54,-0.3239904110371445,0.1869879024833927,0.7232571776328027,688.0,846.0,22.96511627906977,C2010|TJL,C2010|TJL|m
C2010,ND_hi,TJL,f,32.705263157894734,853.5,96,48,0.0285906113315361,0.1857152017294257,1.0290032459646523,869.0,873.0,0.46029919447640966,C2010|TJL,C2010|TJL|f
C2010,ND_hi,UM,m,33.75757575757576,883.0,99,51,-0.0306184079185951,0.1828518416742325,0.9698455878706952,927.0,881.0,-4.962243797195254,C2010|UM,C2010|UM|m
C2010,ND_hi,UM,f,25.860439560439563,916.0,92,44,-0.1011264799033503,0.1933528560687105,0.903818710753108,942.0,947.0,0.5307855626326964,C2010|UM,C2010|UM|f
C2010,ND_hi,UT,m,41.24444444444445,732.0,99,51,-0.5836361144421266,0.1879023919776075,0.5578662088466103,734.0,884.0,20.435967302452315,C2010|UT,C2010|UT|m
C2010,ND_hi,UT,f,31.032608695652176,895.0,92,44,0.3561412025812281,0.1983248548836252,1.4278091443672507,917.0,847.0,-7.633587786259542,C2010|UT,C2010|UT|f
C2010,ND_lo,TJL,m,43.255102040816325,671.5,102,54,-0.1658165150436052,0.1957947896568091,0.8472016686902545,688.0,781.0,13.517441860465116,C2010|TJL,C2010|TJL|m
C2010,ND_lo,UM,m,33.75757575757576,883.0,99,51,-0.2063738526838896,0.1837772684631564,0.8135288794690548,927.0,999.0,7.766990291262136,C2010|UM,C2010|UM|m
C2010,ND_lo,UT,m,41.24444444444445,732.0,99,51,-0.3469784228849115,0.1849759114079779,0.706820579242198,734.0,815.0,11.035422343324251,C2010|UT,C2010|UT|m
C2010,ND_mid,TJL,m,43.255102040816325,671.5,102,54,-0.3177227667353322,0.1890824955011316,0.7278045320747436,688.0,802.0,16.569767441860463,C2010|TJL,C2010|TJL|m
C2010,ND_mid,UM,m,33.75757575757576,883.0,99,51,-0.0710265720778054,0.1870458456226228,0.93143714157856,927.0,946.0,2.0496224379719523,C2010|UM,C2010|UM|m
C2010,ND_mid,UT,m,41.24444444444445,732.0,99,51,-0.3673278576861404,0.1804195918758927,0.6925825393084466,734.0,829.0,12.942779291553133,C2010|UT,C2010|UT|m
C2011,17aE2,TJL,m,41.25,767.0,102,54,-0.8041010516699623,0.182248986332634,0.4474900162061476,771.0,957.0,24.124513618677042,C2011|TJL,C2011|TJL|m
C2011,17aE2,TJL,f,30.795180722891565,890.0,96,48,0.1552095824925599,0.180303847202903,1.1679027074174462,892.0,862.0,-3.3632286995515694,C2011|TJL,C2011|TJL|f
C2011,17aE2,UM,m,34.847058823529416,829.0,105,51,-0.5521006865128061,0.1916925322105215,0.5757390918105697,868.0,940.0,8.294930875576037,C2011|UM,C2011|UM|m
C2011,17aE2,UM,f,27.746,870.5,100,44,0.0611658530278498,0.1850450997220401,1.0630752138099206,873.0,835.0,-4.352806414662084,C2011|UM,C2011|UM|f
C2011,17aE2,UT,m,42.49797979797979,715.0,99,51,-0.5367728100264351,0.1812069594424122,0.5846319295483727,715.0,876.0,22.517482517482517,C2011|UT,C2011|UT|m
C2011,17aE2,UT,f,32.29347826086956,859.5,92,44,-0.204876679661988,0.1856800666217394,0.8147477851886294,857.0,943.0,10.035005834305718,C2011|UT,C2011|UT|f
C2011,Met,TJL,m,41.25,767.0,102,54,-0.2601381810304297,0.171003172364421,0.7709450484618149,771.0,859.0,11.413748378728924,C2011|TJL,C2011|TJL|m
C2011,Met,TJL,f,30.795180722891565,890.0,96,48,0.0838130778885803,0.1776734311168632,1.0874256109191798,892.0,858.0,-3.811659192825112,C2011|TJL,C2011|TJL|f
C2011,Met,UM,m,34.847058823529416,829.0,105,57,0.0725661252602828,0.1808466717419994,1.0752639058450308,868.0,855.0,-1.4976958525345623,C2011|UM,C2011|UM|m
C2011,Met,UM,f,27.746,870.5,100,52,-0.0792511156248241,0.1771341049672196,0.923807912714202,873.0,864.0,-1.0309278350515463,C2011|UM,C2011|UM|f
C2011,Met,UT,m,42.49797979797979,715.0,99,51,-0.0721739837360116,0.178152300972681,0.930369012652405,715.0,792.0,10.76923076923077,C2011|UT,C2011|UT|m
C2011,Met,UT,f,32.29347826086956,859.5,92,44,0.1222347707428228,0.1901823477458617,1.1300193661269362,857.0,901.0,5.134189031505251,C2011|UT,C2011|UT|f
C2011,MetRapa,TJL,m,41.25,767.0,102,54,-0.8886937101393166,0.1818386346913368,0.4111925387211007,771.0,1023.0,32.68482490272373,C2011|TJL,C2011|TJL|m
C2011,MetRapa,TJL,f,30.795180722891565,890.0,96,48,-1.0041174027446504,0.2003359590754643,0.3663678474063254,892.0,1079.0,20.96412556053812,C2011|TJL,C2011|TJL|f
C2011,MetRapa,UM,m,34.847058823529416,829.0,105,57,-0.6080972174071817,0.1791022809265711,0.5443857318972162,868.0,1021.0,17.62672811059908,C2011|UM,C2011|UM|m
C2011,MetRapa,UM,f,27.746,870.5,100,52,-1.0761301620805868,0.1906733568979423,0.3409122514017401,873.0,1096.0,25.544100801832762,C2011|UM,C2011|UM|f
C2011,MetRapa,UT,m,42.49797979797979,715.0,99,51,-0.5391502221363305,0.1819687965910389,0.5832436694063502,715.0,827.0,15.664335664335665,C2011|UT,C2011|UT|m
C2011,MetRapa,UT,f,32.29347826086956,859.5,92,44,-0.9461998314176758,0.1988793849187358,0.3882135005999845,857.0,1054.0,22.987164527421236,C2011|UT,C2011|UT|f
C2011,Prot,TJL,m,41.25,767.0,102,54,-0.2700629337803771,0.1741636835482305,0.7633314534911241,771.0,766.0,-0.648508430609598,C2011|TJL,C2011|TJL|m
C2011,Prot,TJL,f,30.795180722891565,890.0,96,48,-0.2249674151008095,0.1826670454618466,0.7985422387537945,892.0,887.0,-0.5605381165919282,C2011|TJL,C2011|TJL|f
C2011,Prot,UM,m,34.847058823529416,829.0,105,51,-0.1354224318217263,0.1763282793715782,0.8733469042295227,868.0,912.0,5.0691244239631335,C2011|UM,C2011|UM|m
C2011,Prot,UM,f,27.746,870.5,100,44,0.0241553344393033,0.1855956266044835,1.0244494378109168,873.0,872.0,-0.1145475372279496,C2011|UM,C2011|UM|f
C2011,Prot,UT,m,42.49797979797979,715.0,99,51,-0.370118251604795,0.1763739110356735,0.6906526550235011,715.0,816.0,14.125874125874127,C2011|UT,C2011|UT|m
C2011,Prot,UT,f,32.29347826086956,859.5,92,44,-0.1270295972086279,0.1869697394221584,0.8807076057246587,857.0,926.0,8.051341890315053,C2011|UT,C2011|UT|f
C2011,UDCA,TJL,m,41.25,767.0,102,54,-0.0872016264787051,0.1711255322625481,0.9164922878899434,771.0,860.0,11.543450064850843,C2011|TJL,C2011|TJL|m
C2011,UDCA,TJL,f,30.795180722891565,890.0,96,48,-0.0695349407199013,0.1796670772769714,0.9328275391493646,892.0,913.0,2.3542600896860986,C2011|TJL,C2011|TJL|f
C2011,UDCA,UM,m,34.847058823529416,829.0,105,51,0.1374968620261151,0.1860424986011958,1.1473981054611326,868.0,858.0,-1.152073732718894,C2011|UM,C2011|UM|m
C2011,UDCA,UM,f,27.746,870.5,100,44,0.1439008874040331,0.1862029716125125,1.1547696506350795,873.0,826.0,-5.383734249713632,C2011|UM,C2011|UM|f
C2011,UDCA,UT,m,42.49797979797979,715.0,99,51,-0.2401439340966072,0.1734243995801701,0.786514646643908,715.0,789.0,10.34965034965035,C2011|UT,C2011|UT|m
C2011,UDCA,UT,f,32.29347826086956,859.5,92,44,0.0518669629335536,0.1862212027570763,1.053235613816077,857.0,868.0,1.2835472578763127,C2011|UT,C2011|UT|f
C2013,ACA_hi,TJL,m,43.39795918367347,783.0,102,54,-0.6779678452665916,0.1767293600851367,0.5076475632697627,806.0,960.0,19.106699751861044,C2013|TJL,C2013|TJL|m
C2013,ACA_hi,TJL,f,32.40217391304348,889.5,96,48,-0.2729187322885321,0.1779644455371609,0.7611546424113639,891.0,938.0,5.274971941638609,C2013|TJL,C2013|TJL|f
C2013,ACA_hi,UM,m,38.45533980582525,796.0,108,54,-0.2287850864363518,0.184481024686987,0.7954994787630699,921.0,975.0,5.863192182410423,C2013|UM,C2013|UM|m
C2013,ACA_hi,UM,f,29.965263157894736,868.5,96,52,-0.1927447611160907,0.1758378849090233,0.8246924408564932,870.0,936.0,7.586206896551724,C2013|UM,C2013|UM|f
C2013,ACA_hi,UT,m,41.57549019607843,807.0,102,60,-0.7598168982485025,0.1707584498081549,0.4677520653918409,807.0,964.0,19.454770755886,C2013|UT,C2013|UT|m
C2013,ACA_hi,UT,f,32.192708333333336,897.0,96,52,-0.3980253067964953,0.1800933650376173,0.6716450302628378,899.0,915.0,1.7797552836484982,C2013|UT,C2013|UT|f
C2013,ACA_lo,TJL,m,43.39795918367347,783.0,102,54,-0.5991159424253804,0.1870410299019484,0.5492970317051744,806.0,894.0,10.918114143920596,C2013|TJL,C2013|TJL|m
C2013,ACA_lo,TJL,f,32.40217391304348,889.5,96,48,-0.1656720547418201,0.1816336588420312,0.8473240645394441,891.0,890.0,-0.1122334455667789,C2013|TJL,C2013|TJL|f
C2013,ACA_lo,UM,m,38.45533980582525,796.0,108,54,-0.2411556760342385,0.1907348242485128,0.7857192992023625,921.0,918.0,-0.3257328990228013,C2013|UM,C2013|UM|m
C2013,ACA_lo,UM,f,29.965263157894736,868.5,96,44,-0.1284955505267674,0.1859175907666908,0.8794174753542274,870.0,871.0,0.11494252873563218,C2013|UM,C2013|UM|f
C2013,ACA_lo,UT,m,41.57549019607843,807.0,102,57,-0.588041768518072,0.174216118682549,0.5554138494001154,807.0,919.0,13.878562577447337,C2013|UT,C2013|UT|m
C2013,ACA_lo,UT,f,32.192708333333336,897.0,96,48,-0.4002207703854422,0.1838091658839037,0.6701720755550574,899.0,920.0,2.335928809788654,C2013|UT,C2013|UT|f
C2013,ACA_mid,TJL,m,43.39795918367347,783.0,102,54,-0.7130348885303271,0.1773482290626385,0.4901543739926744,806.0,967.0,19.975186104218363,C2013|TJL,C2013|TJL|m
C2013,ACA_mid,TJL,f,32.40217391304348,889.5,96,48,-0.198641749065264,0.1791531288921193,0.8198435504466018,891.0,943.0,5.836139169472503,C2013|TJL,C2013|TJL|f
C2013,ACA_mid,UM,m,38.45533980582525,796.0,108,54,-0.5028269504851541,0.1836780962576959,0.6048184488778052,921.0,1023.0,11.074918566775244,C2013|UM,C2013|UM|m
C2013,ACA_mid,UM,f,29.965263157894736,868.5,96,48,-0.3441767594873273,0.1846506650440752,0.7088036292098427,870.0,897.0,3.103448275862069,C2013|UM,C2013|UM|f
C2013,ACA_mid,UT,m,41.57549019607843,807.0,102,54,-0.5479931967446579,0.1776530551819418,0.5781087976789071,807.0,913.0,13.135068153655514,C2013|UT,C2013|UT|m
C2013,ACA_mid,UT,f,32.192708333333336,897.0,96,48,-0.4153449874949523,0.1801221365703495,0.6601125108568601,899.0,933.0,3.781979977753059,C2013|UT,C2013|UT|f
C2013,UA,TJL,m,43.39795918367347,783.0,102,54,-0.2736606522419358,0.174223029140555,0.7605901360297014,806.0,908.0,12.655086848635236,C2013|TJL,C2013|TJL|m
C2013,UA,TJL,f,32.40217391304348,889.5,96,48,0.1552151689157753,0.1795952198022462,1.1679092318344684,891.0,876.0,-1.6835016835016836,C2013|TJL,C2013|TJL|f
C2013,UA,UM,m,38.45533980582525,796.0,108,60,-0.0007808461849229,0.1897355124876193,0.9992194585961252,921.0,923.0,0.21715526601520088,C2013|UM,C2013|UM|m
C2013,UA,UM,f,29.965263157894736,868.5,96,52,-0.0004169387052196,0.1745079877719126,0.9995831482016436,870.0,874.0,0.45977011494252873,C2013|UM,C2013|UM|f
C2013,UA,UT,m,41.57549019607843,807.0,102,54,0.0071064205878687,0.1724338259374434,1.007131731114882,807.0,806.0,-0.12391573729863693,C2013|UT,C2013|UT|m
C2013,UA,UT,f,32.192708333333336,897.0,96,48,-0.3596716424495007,0.1834791591733307,0.6979054509758887,899.0,922.0,2.558398220244716,C2013|UT,C2013|UT|f
C2014,Asp_200,TJL,m,43.96774193548387,846.5,102,54,-0.0465564930187233,0.1796345559330693,0.9545106358595766,873.0,845.0,-3.207331042382589,C2014|TJL,C2014|TJL|m
C2014,Asp_200,TJL,f,31.229166666666668,903.5,96,48,-0.2422550892541538,0.1791672673441907,0.7848559436968671,904.0,936.0,3.5398230088495577,C2014|TJL,C2014|TJL|f
C2014,Asp_200,UT,m,43.3894735263158,731.0,99,51,-0.2525166689473332,0.1775442644061403,0.7768432635719417,748.0,810.0,8.288770053475936,C2014|UT,C2014|UT|m
C2014,Asp_200,UT,f,34.46847820652174,881.5,92,44,0.4200346151915435,0.1923614838702086,1.52201423952123,874.0,869.0,-0.5720823798627003,C2014|UT,C2014|UT|f
C2014,Asp_60,TJL,m,43.96774193548387,846.5,102,54,-0.0835920552928766,0.1726833782878449,0.9198064097253786,873.0,881.0,0.9163802978235968,C2014|TJL,C2014|TJL|m
C2014,Asp_60,TJL,f,31.229166666666668,903.5,96,48,-0.0632857771091143,0.1787243416070666,0.9386751834750272,904.0,938.0,3.7610619469026547,C2014|TJL,C2014|TJL|f
C2014,Asp_60,UT,m,43.3894735263158,731.0,99,51,0.0507378758759482,0.1787412062265912,1.0520470902154804,748.0,713.0,-4.679144385026738,C2014|UT,C2014|UT|m
C2014,Asp_60,UT,f,34.46847820652174,881.5,92,44,0.2954583743482032,0.1854638396737982,1.3437421544772097,874.0,847.0,-3.0892448512585813,C2014|UT,C2014|UT|f
C2014,Gly,TJL,m,43.96774193548387,846.5,102,54,-0.1759104245729369,0.1734031613284702,0.8386931062656081,873.0,864.0,-1.0309278350515463,C2014|TJL,C2014|TJL|m
C2014,Gly,TJL,f,31.229166666666668,903.5,96,48,-0.4530243373877493,0.1813706114935405,0.635702662095966,904.0,959.0,6.084070796460177,C2014|TJL,C2014|TJL|f
C2014,Gly,UT,m,43.3894735263158,731.0,99,51,-0.4839152926187017,0.1798068748570755,0.6163654104008741,748.0,810.0,8.288770053475936,C2014|UT,C2014|UT|m
C2014,Gly,UT,f,34.46847820652174,881.5,92,44,-0.0503544371234278,0.1906808177043689,0.9508923332221344,874.0,895.0,2.402745995423341,C2014|UT,C2014|UT|f
C2014,Inu,TJL,m,43.96774193548387,846.5,102,54,0.125903615471394,0.1763705774382611,1.1341728462994871,873.0,782.0,-10.423825887743414,C2014|TJL,C2014|TJL|m
C2014,Inu,TJL,f,31.229166666666668,903.5,96,48,-0.1577343003810265,0.17949083504201,0.8540766796721931,904.0,911.0,0.7743362831858407,C2014|TJL,C2014|TJL|f
C2014,Inu,UT,m,43.3894735263158,731.0,99,51,-0.1009645123712967,0.1758306761041919,0.9039651118949084,748.0,790.0,5.614973262032086,C2014|UT,C2014|UT|m
C2014,Inu,UT,f,34.46847820652174,881.5,92,44,0.0042329776628195,0.1845004495474562,1.004241949367308,874.0,885.0,1.2585812356979404,C2014|UT,C2014|UT|f
C2014,TM,TJL,m,43.96774193548387,846.5,102,54,0.1150558383365024,0.180368955430457,1.121936082867447,873.0,834.0,-4.4673539518900345,C2014|TJL,C2014|TJL|m
C2014,TM,TJL,f,31.229166666666668,903.5,96,48,-0.0083333442252281,0.1795129858082554,0.9917012818373698,904.0,890.0,-1.5486725663716814,C2014|TJL,C2014|TJL|f
C2014,TM,UT,m,43.3894735263158,731.0,99,51,-0.3079134682686784,0.1765454388598745,0.7349789142554178,748.0,787.0,5.213903743315508,C2014|UT,C2014|UT|m
C2014,TM,UT,f,34.46847820652174,881.5,92,44,0.099505673948497,0.1851506864590287,1.104624738306046,874.0,909.0,4.004576659038902,C2014|UT,C2014|UT|f
C2015,DMAG,TJL,m,39.86813186813187,756.5,102,54,-0.1344133241341759,0.1745004144931329,0.8742286501179329,840.0,833.0,-0.8333333333333334,C2015|TJL,C2015|TJL|m
C2015,DMAG,TJL,f,29.094736842105263,926.0,96,48,0.1853872375708393,0.1828469353047542,1.2036844617383544,928.0,903.0,-2.6939655172413794,C2015|TJL,C2015|TJL|f
C2015,DMAG,UT,m,41.74615389010989,762.0,99,51,-0.306459988415435,0.176687391706978,0.7360479680357053,796.0,856.0,7.5376884422110555,C2015|UT,C2015|UT|m
C2015,DMAG,UT,f,31.68863636363637,885.5,92,44,-0.0194597033335628,0.1862436697434611,0.9807284144781968,893.0,871.0,-2.463605823068309,C2015|UT,C2015|UT|f
C2015,Min,TJL,m,39.86813186813187,756.5,102,54,0.1902721252708756,0.1748060651118914,1.209578709809406,840.0,798.0,-5.0,C2015|TJL,C2015|TJL|m
C2015,Min,TJL,f,29.094736842105263,926.0,96,48,0.0508761216899827,0.1785399678351654,1.0521925413756452,928.0,913.0,-1.6163793103448276,C2015|TJL,C2015|TJL|f
C2015,Min,UT,m,41.74615389010989,762.0,99,51,-0.055858356843006,0.1785086641116006,0.9456730745241868,796.0,769.0,-3.391959798994975,C2015|UT,C2015|UT|m
C2015,Min,UT,f,31.68863636363637,885.5,92,44,-0.053050427932799,0.1873242695399396,0.9483321888445944,893.0,887.0,-0.671892497200448,C2015|UT,C2015|UT|f
C2015,MitoQ,TJL,m,39.86813186813187,756.5,102,54,-0.0811361060149696,0.1736978768724244,0.9220681838775964,840.0,799.0,-4.880952380952381,C2015|TJL,C2015|TJL|m
C2015,MitoQ,TJL,f,29.094736842105263,926.0,96,48,-0.138037209613466,0.1793192892356206,0.8710662791032224,928.0,960.0,3.4482758620689653,C2015|TJL,C2015|TJL|f
C2015,MitoQ,UT,m,41.74615389010989,762.0,99,51,-0.0889898674763045,0.1818918234327312,0.9148548433158668,796.0,787.0,-1.1306532663316582,C2015|UT,C2015|UT|m
C2015,MitoQ,UT,f,31.68863636363637,885.5,92,44,0.186813569793139,0.1868805386587022,1.2054025406559985,893.0,872.0,-2.3516237402015676,C2015|UT,C2015|UT|f
C2015,bGPA,TJL,m,39.86813186813187,756.5,102,54,0.0841906718343839,0.1735146953054238,1.0878362937771755,840.0,750.0,-10.714285714285714,C2015|TJL,C2015|TJL|m
C2015,bGPA,TJL,f,29.094736842105263,926.0,96,48,0.1362507649891515,0.178872422754573,1.1459692265274943,928.0,952.0,2.586206896551724,C2015|TJL,C2015|TJL|f
C2015,bGPA,UT,m,41.74615389010989,762.0,99,51,-0.0540951219377544,0.1830216676932197,0.9473419892100708,796.0,818.0,2.763819095477387,C2015|UT,C2015|UT|m
C2015,bGPA,UT,f,31.68863636363637,885.5,92,44,-0.1274604825181805,0.1883459024490323,0.8803282035006331,893.0,872.0,-2.3516237402015676,C2015|UT,C2015|UT|f
C2015,rapa_hi_continuous,TJL,m,39.86813186813187,756.5,102,54,-0.152920681521748,0.1774738865547093,0.8581977900545698,840.0,817.0,-2.738095238095238,C2015|TJL,C2015|TJL|m
C2015,rapa_hi_continuous,TJL,f,29.094736842105263,926.0,96,48,-0.6514216406805078,0.1863147938252204,0.5213041425412811,928.0,1113.0,19.935344827586206,C2015|TJL,C2015|TJL|f
C2015,rapa_hi_continuous,UT,m,41.74615389010989,762.0,99,51,-0.6387517914398174,0.1884035782465608,0.5279510058987062,796.0,931.0,16.959798994974875,C2015|UT,C2015|UT|m
C2015,rapa_hi_continuous,UT,f,31.68863636363637,885.5,92,44,-0.8248520077558611,0.1993045759896002,0.4382998526442276,893.0,1039.0,16.349384098544235,C2015|UT,C2015|UT|f
C2015,rapa_hi_cycle,TJL,m,39.86813186813187,756.5,102,54,-0.3392369023726167,0.1828098698168311,0.7123136802982075,840.0,830.0,-1.1904761904761905,C2015|TJL,C2015|TJL|m
C2015,rapa_hi_cycle,TJL,f,29.094736842105263,926.0,96,48,-0.4770828162054319,0.1836631277619124,0.6205911321625186,928.0,1079.0,16.271551724137932,C2015|TJL,C2015|TJL|f
C2015,rapa_hi_cycle,UT,m,41.74615389010989,762.0,99,51,0.0143029461456527,0.1810864612866125,1.014405722697776,796.0,748.0,-6.030150753768845,C2015|UT,C2015|UT|m
C2015,rapa_hi_cycle,UT,f,31.68863636363637,885.5,92,44,-0.3976865459308287,0.1941300530996978,0.671872595857693,893.0,949.0,6.270996640537514,C2015|UT,C2015|UT|f
C2015,rapa_hi_start_stop,TJL,m,39.86813186813187,756.5,102,54,0.0129631333173416,0.1876158884518042,1.013047518969958,840.0,764.0,-9.047619047619047,C2015|TJL,C2015|TJL|m
C2015,rapa_hi_start_stop,TJL,f,29.094736842105263,926.0,96,48,-0.1469224148438263,0.1808259369326043,0.8633609588127286,928.0,996.0,7.327586206896552,C2015|TJL,C2015|TJL|f
C2015,rapa_hi_start_stop,UT,m,41.74615389010989,762.0,99,51,-0.4691793998911819,0.1821531703391531,0.6255153557030695,796.0,891.0,11.93467336683417,C2015|UT,C2015|UT|m
C2015,rapa_hi_start_stop,UT,f,31.68863636363637,885.5,92,44,-0.1868587129934705,0.1864097988576911,0.8295609342870778,893.0,941.0,5.375139977603584,C2015|UT,C2015|UT|f
C2016,17aE2_16m,TJL,m,43.58510638297872,696.5,102,54,-0.3395649215208189,0.1736527162085267,0.7120800660886051,752.0,900.0,19.680851063829788,C2016|TJL,C2016|TJL|m
C2016,17aE2_16m,UM,m,41.53440860215054,735.5,102,51,-0.3545088955362929,0.1867275069921718,0.7015178771859742,818.0,950.0,16.13691931540342,C2016|UM,C2016|UM|m
C2016,17aE2_16m,UT,m,41.093939393939394,799.0,99,51,-0.7111742708204214,0.1779628551253847,0.4910672128602483,799.0,955.0,19.524405506883603,C2016|UT,C2016|UT|m
C2016,17aE2_20m,TJL,m,43.58510638297872,696.5,102,54,-0.4272753810625566,0.1791595196801311,0.6522839008590362,752.0,873.0,16.090425531914892,C2016|TJL,C2016|TJL|m
C2016,17aE2_20m,UM,m,41.53440860215054,735.5,102,54,-0.2665161375874235,0.1871931059596439,0.7660436415302109,818.0,900.0,10.02444987775061,C2016|UM,C2016|UM|m
C2016,17aE2_20m,UT,m,41.093939393939394,799.0,99,51,-0.144497384984552,0.1781599285849782,0.8654571755840315,799.0,840.0,5.131414267834794,C2016|UT,C2016|UT|m
C2016,CC,TJL,m,43.58510638297872,696.5,102,54,-0.332993497064902,0.1752530667952727,0.7167748552809071,752.0,825.0,9.707446808510639,C2016|TJL,C2016|TJL|m
C2016,CC,TJL,f,35.1578947368421,882.0,96,48,-0.3432027172437444,0.1856891797546495,0.7094943702379563,886.0,883.0,-0.33860045146726864,C2016|TJL,C2016|TJL|f
C2016,CC,UM,m,41.53440860215054,735.5,102,51,-0.0380097915239107,0.1981638430008742,0.962703514510569,818.0,867.0,5.990220048899755,C2016|UM,C2016|UM|m
C2016,CC,UM,f,35.22391304347826,858.0,92,44,0.1722204902777209,0.1852808029885582,1.1879397335013666,856.0,870.0,1.6355140186915889,C2016|UM,C2016|UM|f
C2016,CC,UT,m,41.093939393939394,799.0,99,51,0.1326335753458815,0.1774258503777803,1.1418315264442294,799.0,789.0,-1.2515644555694618,C2016|UT,C2016|UT|m
C2016,CC,UT,f,31.643965517241377,881.5,116,44,-0.1802692206374419,0.1859990589100473,0.8350453696998921,879.0,886.0,0.7963594994311718,C2016|UT,C2016|UT|f
C2016,Cana,TJL,m,43.58510638297872,696.5,102,54,-0.6032906352812814,0.1773965327551702,0.5470086652481785,752.0,880.0,17.02127659574468,C2016|TJL,C2016|TJL|m
C2016,Cana,TJL,f,35.1578947368421,882.0,96,48,-0.2380907408382047,0.1817212260100295,0.7881311721657982,886.0,903.0,1.9187358916478556,C2016|TJL,C2016|TJL|f
C2016,Cana,UM,m,41.53440860215054,735.5,102,51,-0.6709677254284381,0.2022075703856627,0.5112136239122204,818.0,946.0,15.647921760391197,C2016|UM,C2016|UM|m
C2016,Cana,UM,f,35.22391304347826,858.0,92,44,-0.2103788693749308,0.187969773247928,0.8102771985926844,856.0,900.0,5.140186915887851,C2016|UM,C2016|UM|f
C2016,Cana,UT,m,41.093939393939394,799.0,99,51,-0.3261140745711332,0.1741480719493155,0.7217228525107675,799.0,866.0,8.385481852315394,C2016|UT,C2016|UT|m
C2016,Cana,UT,f,31.643965517241377,881.5,116,44,0.2623272143352796,0.179200033950324,1.2999518357203772,879.0,851.0,-3.185437997724687,C2016|UT,C2016|UT|f
C2016,GGA,TJL,m,43.58510638297872,696.5,102,54,0.0269987864049084,0.1735398464100825,1.0273665559557232,752.0,800.0,6.382978723404255,C2016|TJL,C2016|TJL|m
C2016,GGA,TJL,f,35.1578947368421,882.0,96,48,-0.0205815929970304,0.1781887162683831,0.9796287623668316,886.0,881.0,-0.5643340857787811,C2016|TJL,C2016|TJL|f
C2016,GGA,UM,m,41.53440860215054,735.5,102,51,-0.2126685507281095,0.2079093936216626,0.8084240443761065,818.0,887.0,8.43520782396088,C2016|UM,C2016|UM|m
C2016,GGA,UM,f,35.22391304347826,858.0,92,44,-0.1345959829084011,0.1875604074995361,0.8740689791674038,856.0,907.0,5.957943925233645,C2016|UM,C2016|UM|f
C2016,GGA,UT,m,41.093939393939394,799.0,99,51,0.0181068277671723,0.1771515960918032,1.0182717502771117,799.0,801.0,0.2503128911138924,C2016|UT,C2016|UT|m
C2016,GGA,UT,f,31.643965517241377,881.5,116,44,0.0221229704620046,0.1783499282434897,1.0223694979902622,879.0,901.0,2.502844141069397,C2016|UT,C2016|UT|f
C2016,MIF098,TJL,m,43.58510638297872,696.5,102,54,-0.1662927443339267,0.1786334910182422,0.8467983024958367,752.0,830.0,10.372340425531915,C2016|TJL,C2016|TJL|m
C2016,MIF098,TJL,f,35.1578947368421,882.0,96,48,0.0550159439825001,0.1782284378496123,1.056557460274858,886.0,877.0,-1.0158013544018059,C2016|TJL,C2016|TJL|f
C2016,MIF098,UM,m,41.53440860215054,735.5,102,51,0.0915741829409662,0.1879731730328254,1.0958980706190704,818.0,807.0,-1.3447432762836187,C2016|UM,C2016|UM|m
C2016,MIF098,UM,f,35.22391304347826,858.0,92,44,0.3228894052661405,0.1876318410456771,1.381112598678709,856.0,840.0,-1.8691588785046729,C2016|UM,C2016|UM|f
C2016,MIF098,UT,m,41.093939393939394,799.0,99,51,-0.060700174034437,0.1739156209130652,0.9411053653044656,799.0,826.0,3.379224030037547,C2016|UT,C2016|UT|m
C2016,MIF098,UT,f,31.643965517241377,881.5,116,44,0.2218881917234448,0.1785434764387503,1.2484317850543296,879.0,872.0,-0.7963594994311718,C2016|UT,C2016|UT|f
C2016,NR,TJL,m,43.58510638297872,696.5,102,54,0.0517473652421633,0.1739177876597685,1.053109656800409,752.0,754.0,0.26595744680851063,C2016|TJL,C2016|TJL|m
C2016,NR,TJL,f,35.1578947368421,882.0,96,48,-0.3881901649575645,0.1841555565997151,0.6782833452754733,886.0,968.0,9.255079006772009,C2016|TJL,C2016|TJL|f
C2016,NR,UM,m,41.53440860215054,735.5,102,51,-0.1072050133822245,0.1918731092006115,0.8983414820845156,818.0,852.0,4.156479217603912,C2016|UM,C2016|UM|m
C2016,NR,UM,f,35.22391304347826,858.0,92,44,0.4255655152647166,0.1872113197584566,1.5304556710278303,856.0,799.0,-6.658878504672897,C2016|UM,C2016|UM|f
C2016,NR,UT,m,41.093939393939394,799.0,99,51,0.4095230887762229,0.1758212680990138,1.5060993381302783,799.0,712.0,-10.888610763454318,C2016|UT,C2016|UT|m
C2016,NR,UT,f,31.643965517241377,881.5,116,44,0.1710339414426141,0.1784681650702561,1.186531020912821,879.0,858.0,-2.3890784982935154,C2016|UT,C2016|UT|f
C2017,BD,TJL,m,44.37755102040816,747.5,102,54,-0.0317182873387212,0.1704501067727261,0.9687794610808314,748.0,755.0,0.9358288770053476,C2017|TJL,C2017|TJL|m
C2017,BD,TJL,f,32.947916666666664,870.5,96,48,-0.3677437075274577,0.1790499745535008,0.6922945888456028,873.0,925.0,5.956471935853379,C2017|TJL,C2017|TJL|f
C2017,BD,UT,m,42.65578947368421,633.0,99,51,-0.4504286609400232,0.1775000044913733,0.6373548839126948,681.0,810.0,18.94273127753304,C2017|UT,C2017|UT|m
C2017,BD,UT,f,30.47222225555556,819.5,92,44,-0.4078924196674786,0.1920498370789021,0.6650504213195191,827.0,864.0,4.474002418379686,C2017|UT,C2017|UT|f
C2017,Capt,TJL,m,44.37755102040816,747.5,102,54,-0.2018535953518164,0.1712235312281759,0.8172145631950595,748.0,827.0,10.561497326203208,C2017|TJL,C2017|TJL|m
C2017,Capt,TJL,f,32.947916666666664,870.5,96,48,-0.544958920524557,0.187135486183681,0.5798656034254008,873.0,956.0,9.507445589919817,C2017|TJL,C2017|TJL|f
C2017,Capt,UT,m,42.65578947368421,633.0,99,51,-0.7103607795104728,0.1794373752313516,0.4914668543008911,681.0,866.0,27.165932452276063,C2017|UT,C2017|UT|m
C2017,Capt,UT,f,30.47222225555556,819.5,92,44,-0.4746114443561168,0.1973422935220329,0.622126740364337,827.0,884.0,6.892382103990326,C2017|UT,C2017|UT|f
C2017,Leu,TJL,m,44.37755102040816,747.5,102,54,0.1181150590204428,0.1740213093741376,1.125373588301157,748.0,726.0,-2.9411764705882355,C2017|TJL,C2017|TJL|m
C2017,Leu,TJL,f,32.947916666666664,870.5,96,48,-0.0743468188242202,0.1781250283454757,0.9283496688617328,873.0,881.0,0.9163802978235968,C2017|TJL,C2017|TJL|f
C2017,Leu,UT,m,42.65578947368421,633.0,99,51,-0.0664596398606776,0.174437194492768,0.9357006801040536,681.0,723.0,6.167400881057269,C2017|UT,C2017|UT|m
C2017,Leu,UT,f,30.47222225555556,819.5,92,44,-0.4457556914030608,0.1889769736543909,0.640340193567564,827.0,873.0,5.562273276904474,C2017|UT,C2017|UT|f
C2017,PB125,TJL,m,44.37755102040816,747.5,102,54,0.1406786091783195,0.173974360550506,1.1510546501311671,748.0,609.0,-18.58288770053476,C2017|TJL,C2017|TJL|m
C2017,PB125,TJL,f,32.947916666666664,870.5,96,48,-0.1716640280468986,0.179352284407674,0.8422621020812083,873.0,890.0,1.9473081328751431,C2017|TJL,C2017|TJL|f
C2017,PB125,UT,m,42.65578947368421,633.0,99,51,-0.2740646021235206,0.1756063359407339,0.7602829577808032,681.0,735.0,7.929515418502203,C2017|UT,C2017|UT|m
C2017,PB125,UT,f,30.47222225555556,819.5,92,44,-0.5539578726361815,0.2076176282432415,0.5746708294466425,827.0,869.0,5.078597339782346,C2017|UT,C2017|UT|f
C2017,RaAc_16,TJL,m,44.37755102040816,747.5,102,54,-0.2515271958808013,0.1789868213657626,0.7776123094705197,748.0,727.0,-2.807486631016043,C2017|TJL,C2017|TJL|m
C2017,RaAc_16,TJL,f,32.947916666666664,870.5,96,48,-1.167672268108377,0.2049679427330963,0.3110902337817158,873.0,1045.0,19.702176403207332,C2017|TJL,C2017|TJL|f
C2017,RaAc_16,UT,m,42.65578947368421,633.0,99,51,-0.8399747233135775,0.1844894646903161,0.4317214357785191,681.0,897.0,31.718061674008812,C2017|UT,C2017|UT|m
C2017,RaAc_16,UT,f,30.47222225555556,819.5,92,44,-1.0626182201060803,0.215483552906029,0.3455498992164363,827.0,976.0,18.016928657799273,C2017|UT,C2017|UT|f
C2017,RaAc_9,TJL,m,44.37755102040816,747.5,102,54,-0.6924689502932471,0.1852814237886159,0.5003392301584259,748.0,849.0,13.502673796791443,C2017|TJL,C2017|TJL|m
C2017,RaAc_9,TJL,f,32.947916666666664,870.5,96,48,-1.599321596630891,0.2285826016337959,0.2020335317427136,873.0,1136.0,30.126002290950744,C2017|TJL,C2017|TJL|f
C2017,RaAc_9,UT,m,42.65578947368421,633.0,99,51,-1.255098892680487,0.2052548986996067,0.2850476577036217,681.0,1014.0,48.89867841409691,C2017|UT,C2017|UT|m
C2017,RaAc_9,UT,f,30.47222225555556,819.5,92,44,-1.9676941644616344,0.2517551113279795,0.1397787918128105,827.0,1155.0,39.66142684401451,C2017|UT,C2017|UT|f
C2017,Sul,TJL,m,44.37755102040816,747.5,102,54,-0.101845507599076,0.1776239768071099,0.9031690736496848,748.0,712.0,-4.81283422459893,C2017|TJL,C2017|TJL|m
C2017,Sul,TJL,f,32.947916666666664,870.5,96,48,-0.1628477024145689,0.1789006436649407,0.8497205889546341,873.0,869.0,-0.4581901489117984,C2017|TJL,C2017|TJL|f
C2017,Sul,UT,m,42.65578947368421,633.0,99,51,-0.0049493802348006,0.1749557698235032,0.9950628477655614,681.0,678.0,-0.44052863436123346,C2017|UT,C2017|UT|m
C2017,Sul,UT,f,30.47222225555556,819.5,92,44,-0.2475579307095627,0.1867510226898872,0.7807049927067037,827.0,850.0,2.781136638452237,C2017|UT,C2017|UT|f
C2017,Syr,TJL,m,44.37755102040816,747.5,102,54,0.2357078466395231,0.1743560618483779,1.2658044471182122,748.0,769.0,2.807486631016043,C2017|TJL,C2017|TJL|m
C2017,Syr,TJL,f,32.947916666666664,870.5,96,48,-0.1933314105425072,0.1803975363047885,0.8242087773934127,873.0,894.0,2.4054982817869415,C2017|TJL,C2017|TJL|f
C2017,Syr,UT,m,42.65578947368421,633.0,99,51,-0.3768385906659967,0.1751381572593201,0.6860267960882471,681.0,805.0,18.208516886930983,C2017|UT,C2017|UT|m
C2017,Syr,UT,f,30.47222225555556,819.5,92,44,-0.1701158276418777,0.1863035852388248,0.8435671025492452,827.0,856.0,3.506650544135429,C2017|UT,C2017|UT|f
C2018,Fis_Cyc,TJL,m,43.386792452830186,667.0,108,54,-0.2244455122313109,0.1712449775490608,0.7989591090130458,686.0,723.0,5.393586005830904,C2018|TJL,C2018|TJL|m
C2018,Fis_Cyc,TJL,f,33.25,905.0,96,48,0.1007478752165872,0.1793899333713154,1.1059977571630613,908.0,891.0,-1.8722466960352422,C2018|TJL,C2018|TJL|f
C2018,Fis_Cyc,UT,m,42.07941174509804,790.0,105,51,0.3779944981017761,0.1810270058319364,1.4593549136315012,795.0,802.0,0.8805031446540881,C2018|UT,C2018|UT|m
C2018,Fis_Cyc,UT,f,31.62872354255319,883.5,96,48,0.0710993981793894,0.1837565918125488,1.0736879431913011,888.0,877.0,-1.2387387387387387,C2018|UT,C2018|UT|f
C2018,Fis_On,TJL,m,43.386792452830186,667.0,108,54,-0.1150506114958809,0.1739109988801387,0.891321031674519,686.0,717.0,4.518950437317784,C2018|TJL,C2018|TJL|m
C2018,Fis_On,TJL,f,33.25,905.0,96,48,0.3390286693584231,0.1793385377287056,1.4035835844767666,908.0,841.0,-7.378854625550661,C2018|TJL,C2018|TJL|f
C2018,Fis_On,UT,m,42.07941174509804,790.0,105,51,0.050259789274194,0.1803150599232244,1.0515442408095936,795.0,733.0,-7.79874213836478,C2018|UT,C2018|UT|m
C2018,Fis_On,UT,f,31.62872354255319,883.5,96,48,-0.2882517182943797,0.1799281136881196,0.749572887281093,888.0,933.0,5.0675675675675675,C2018|UT,C2018|UT|f
C2018,SG1002,TJL,m,43.386792452830186,667.0,108,54,-0.0752974342383906,0.1688761383376993,0.9274675846846068,686.0,747.0,8.892128279883382,C2018|TJL,C2018|TJL|m
C2018,SG1002,TJL,f,33.25,905.0,96,48,0.0255631173359404,0.1778505113868316,1.0258926558384105,908.0,887.0,-2.3127753303964758,C2018|TJL,C2018|TJL|f
C2018,SG1002,UT,m,42.07941174509804,790.0,105,51,0.0610186974794215,0.1723672871159184,1.062918787903564,795.0,765.0,-3.7735849056603774,C2018|UT,C2018|UT|m
C2018,SG1002,UT,f,31.62872354255319,883.5,96,48,-0.2689509263267881,0.1891350180696016,0.7641807558847433,888.0,918.0,3.3783783783783785,C2018|UT,C2018|UT|f
C2019,Asta,TJL,m,42.4,771.5,108,54,-0.182419241543236,0.1686405161250775,0.8332519333514319,790.0,870.0,10.126582278481013,C2019|TJL,C2019|TJL|m
C2019,Asta,TJL,f,31.66,939.0,100,48,0.0303941092269076,0.1772903408380171,1.030860725629943,936.0,988.0,5.555555555555555,C2019|TJL,C2019|TJL|f
C2019,Asta,UT,m,40.30505032323232,791.0,102,51,-0.3299978663161485,0.1751218434355752,0.7189252673895231,814.0,905.0,11.17936117936118,C2019|UT,C2019|UT|m
C2019,Asta,UT,f,29.59673928260869,877.5,92,44,0.0069985417172167,0.1915262616093956,1.0070230887413452,876.0,919.0,4.908675799086758,C2019|UT,C2019|UT|f
C2019,DMF_16,TJL,m,42.4,771.5,108,54,-0.0880593620254604,0.1748058431339578,0.915706516916316,790.0,771.0,-2.4050632911392404,C2019|TJL,C2019|TJL|m
C2019,DMF_16,TJL,f,31.66,939.0,100,48,0.2268470467111113,0.1788125290865328,1.2546379522624234,936.0,916.0,-2.1367521367521367,C2019|TJL,C2019|TJL|f
C2019,DMF_16,UT,m,40.30505032323232,791.0,102,51,-0.0838015546315642,0.1741393572441571,0.9196137310745502,814.0,785.0,-3.5626535626535625,C2019|UT,C2019|UT|m
C2019,DMF_16,UT,f,29.59673928260869,877.5,92,44,-0.0548280346041179,0.1860182186760265,0.946647924642226,876.0,895.0,2.1689497716894977,C2019|UT,C2019|UT|f
C2019,DMF_9,TJL,m,42.4,771.5,108,54,0.1450627684177016,0.1717682919319325,1.1561121353200208,790.0,765.0,-3.1645569620253164,C2019|TJL,C2019|TJL|m
C2019,DMF_9,TJL,f,31.66,939.0,100,48,0.124260962419429,0.1768089912783543,1.1323113231489803,936.0,910.0,-2.7777777777777777,C2019|TJL,C2019|TJL|f
C2019,DMF_9,UT,m,40.30505032323232,791.0,102,51,-0.4058857886521775,0.1775106818344319,0.6663862719530934,814.0,847.0,4.054054054054054,C2019|UT,C2019|UT|m
C2019,DMF_9,UT,f,29.59673928260869,877.5,92,44,0.0982353030408613,0.1862104913937443,1.1032223461423534,876.0,845.0,-3.538812785388128,C2019|UT,C2019|UT|f
C2019,MPA,TJL,m,42.4,771.5,108,54,-0.1286461300262809,0.1762520664409086,0.8792850630804624,790.0,806.0,2.0253164556962027,C2019|TJL,C2019|TJL|m
C2019,MPA,TJL,f,31.66,939.0,100,48,0.2657334124081297,0.1782280860356659,1.3043872788685555,936.0,903.0,-3.5256410256410255,C2019|TJL,C2019|TJL|f
C2019,MPA,UT,m,40.30505032323232,791.0,102,51,-0.1256789632196876,0.1755900285291419,0.8818979230118122,814.0,810.0,-0.4914004914004914,C2019|UT,C2019|UT|m
C2019,MPA,UT,f,29.59673928260869,877.5,92,44,0.0996851260327121,0.1870785470695444,1.1048229833048175,876.0,885.0,1.0273972602739727,C2019|UT,C2019|UT|f
C2019,Mec,TJL,m,42.4,771.5,108,54,-0.3076002376547145,0.1718244846465176,0.7352091682113919,790.0,911.0,15.316455696202532,C2019|TJL,C2019|TJL|m
C2019,Mec,TJL,f,31.66,939.0,100,48,0.0997556812053241,0.1773739364732605,1.1049009370310972,936.0,935.0,-0.10683760683760683,C2019|TJL,C2019|TJL|f
C2019,Mec,UT,m,40.30505032323232,791.0,102,51,0.0176722608996594,0.1733395452062036,1.0178293392478666,814.0,815.0,0.12285012285012285,C2019|UT,C2019|UT|m
C2019,Mec,UT,f,29.59673928260869,877.5,92,44,-0.1421433308565163,0.1861266879358624,0.8674969084997547,876.0,932.0,6.392694063926941,C2019|UT,C2019|UT|f
C2019,PBA,TJL,m,42.4,771.5,108,54,-0.1448321434630577,0.1714433623800647,0.8651675049442775,790.0,826.0,4.556962025316456,C2019|TJL,C2019|TJL|m
C2019,PBA,TJL,f,31.66,939.0,100,48,0.5168237815563625,0.1825861012378749,1.6766936379327664,936.0,880.0,-5.982905982905983,C2019|TJL,C2019|TJL|f
C2019,PBA,UT,m,40.30505032323232,791.0,102,51,0.0794582743244423,0.1744612061894045,1.082700382182045,814.0,793.0,-2.57985257985258,C2019|UT,C2019|UT|m
C2019,PBA,UT,f,29.59673928260869,877.5,92,44,0.1102530619313223,0.1856458243584784,1.1165605936897038,876.0,893.0,1.9406392694063928,C2019|UT,C2019|UT|f
C2019,SG1002,TJL,m,42.4,771.5,108,54,-0.2164808472826144,0.1744292954395083,0.805347959376824,790.0,822.0,4.050632911392405,C2019|TJL,C2019|TJL|m
C2019,SG1002,TJL,f,31.66,939.0,100,48,0.073674497650653,0.17755284298815,1.0764563593898475,936.0,911.0,-2.6709401709401708,C2019|TJL,C2019|TJL|f
C2019,SG1002,UT,m,40.30505032323232,791.0,102,51,-0.0286244458228655,0.177553890685881,0.9717813524908946,814.0,721.0,-11.425061425061426,C2019|UT,C2019|UT|m
C2019,SG1002,UT,f,29.59673928260869,877.5,92,44,0.1668528174319505,0.1852533526607168,1.181580344480161,876.0,852.0,-2.73972602739726,C2019|UT,C2019|UT|f
C2020,AKG_18,TJL,m,39.70588235294117,802.0,102,51,0.1091339896155276,0.1823629558143549,1.115311780526844,811.0,783.0,-3.4525277435265105,C2020|TJL,C2020|TJL|m
C2020,AKG_18,TJL,f,30.380434782608692,928.0,92,44,0.0431445223633168,0.1850445374337284,1.0440887781250734,927.0,900.0,-2.912621359223301,C2020|TJL,C2020|TJL|f
C2020,AKG_18,UM,m,36.66262626262627,828.5,102,51,-0.100726682614382,0.1802471438710955,0.9041801272652428,836.0,886.0,5.980861244019139,C2020|UM,C2020|UM|m
C2020,AKG_18,UM,f,27.29659090909091,879.0,88,44,0.0929288094808896,0.1888680742928224,1.097383609178396,878.0,914.0,4.100227790432802,C2020|UM,C2020|UM|f
C2020,AKG_18,UT,m,39.16734693877551,821.0,99,51,-0.0512996229559968,0.1785281510873005,0.949993987879,833.0,917.0,10.084033613445378,C2020|UT,C2020|UT|m
C2020,AKG_18,UT,f,29.11086956521739,908.5,92,44,0.0427682397135844,0.1848608855756723,1.0436959795393657,908.0,927.0,2.092511013215859,C2020|UT,C2020|UT|f
C2020,Cana_16,UM,m,36.66262626262627,828.5,102,51,-0.3066277335598667,0.1794456644718275,0.7359245099180379,836.0,915.0,9.44976076555024,C2020|UM,C2020|UM|m
C2020,Cana_16,UM,f,27.29659090909091,879.0,88,48,0.4315707607425644,0.186880822729005,1.5396740847403465,878.0,791.0,-9.90888382687927,C2020|UM,C2020|UM|f
C2020,Cana_16,UT,m,39.16734693877551,821.0,99,51,-0.2711305905402437,0.1745740667554937,0.7625169124073067,833.0,940.0,12.845138055222089,C2020|UT,C2020|UT|m
C2020,Cana_16,UT,f,29.11086956521739,908.5,92,44,0.1220844433772147,0.1846277863734514,1.1298495060601683,908.0,869.0,-4.295154185022026,C2020|UT,C2020|UT|f
C2020,Cana_6,TJL,m,39.70588235294117,802.0,102,60,-0.3998137213912991,0.1744555349974126,0.6704449239518803,811.0,899.0,10.850801479654747,C2020|TJL,C2020|TJL|m
C2020,Cana_6,TJL,f,30.380434782608692,928.0,92,44,-0.024182506081852,0.1849370595844069,0.9761075479365556,927.0,900.0,-2.912621359223301,C2020|TJL,C2020|TJL|f
C2020,DNP,TJL,m,39.70588235294117,802.0,102,51,0.0200771908451775,0.1861072646013994,1.0202800932699194,811.0,833.0,2.7127003699136867,C2020|TJL,C2020|TJL|m
C2020,DNP,TJL,f,30.380434782608692,928.0,92,44,-0.1119473819236096,0.1898535652130143,0.8940913016270696,927.0,877.0,-5.393743257820928,C2020|TJL,C2020|TJL|f
C2020,DNP,UM,m,36.66262626262627,828.5,102,48,-0.2522797326430591,0.1823170348706723,0.7770273477510641,836.0,893.0,6.818181818181818,C2020|UM,C2020|UM|m
C2020,DNP,UM,f,27.29659090909091,879.0,88,44,0.2217099567103518,0.1888742888711052,1.2482092906275122,878.0,875.0,-0.3416856492027335,C2020|UM,C2020|UM|f
C2020,DNP,UT,m,39.16734693877551,821.0,99,51,0.2553902098221004,0.1776673860565094,1.2909652699304122,833.0,835.0,0.24009603841536614,C2020|UT,C2020|UT|m
C2020,DNP,UT,f,29.11086956521739,908.5,92,44,0.048712890158233,0.1856707348662004,1.0499188654230789,908.0,874.0,-3.7444933920704844,C2020|UT,C2020|UT|f
C2020,HYD_16,TJL,m,39.70588235294117,802.0,102,51,-0.0854096848775071,0.1739929183614381,0.9181360608805392,811.0,822.0,1.3563501849568433,C2020|TJL,C2020|TJL|m
C2020,HYD_16,TJL,f,30.380434782608692,928.0,92,44,0.0567864355499228,0.1854516675177757,1.0584297432903398,927.0,913.0,-1.5102481121898597,C2020|TJL,C2020|TJL|f
C2020,HYD_16,UM,m,36.66262626262627,828.5,102,51,0.1274172681735667,0.1827118336721408,1.13589089002576,836.0,857.0,2.511961722488038,C2020|UM,C2020|UM|m
C2020,HYD_16,UM,f,27.29659090909091,879.0,88,44,0.1766215608008252,0.18858318759843,1.1931794617950355,878.0,889.0,1.2528473804100229,C2020|UM,C2020|UM|f
C2020,HYD_16,UT,m,39.16734693877551,821.0,99,51,0.1444989639011938,0.1763691229495002,1.1554604977918903,833.0,892.0,7.082833133253302,C2020|UT,C2020|UT|m
C2020,HYD_16,UT,f,29.11086956521739,908.5,92,44,0.0769823445857104,0.1875307017770738,1.0800230079706223,908.0,885.0,-2.5330396475770924,C2020|UT,C2020|UT|f
C2020,HYD_6,TJL,m,39.70588235294117,802.0,102,51,-0.1124021465869433,0.1737207618054616,0.8936847929371953,811.0,844.0,4.06905055487053,C2020|TJL,C2020|TJL|m
C2020,HYD_6,TJL,f,30.380434782608692,928.0,92,44,0.3053169887562783,0.1859708998809283,1.357055106043975,927.0,901.0,-2.8047464940668823,C2020|TJL,C2020|TJL|f
C2020,HYD_6,UM,m,36.66262626262627,828.5,102,51,-0.3793187111513914,0.1802510778983417,0.6843274751091679,836.0,951.0,13.75598086124402,C2020|UM,C2020|UM|m
C2020,HYD_6,UM,f,27.29659090909091,879.0,88,44,0.1010129437348751,0.1893591400187974,1.1062909612076464,878.0,891.0,1.4806378132118452,C2020|UM,C2020|UM|f
C2020,HYD_6,UT,m,39.16734693877551,821.0,99,51,0.279697876929832,0.1766213108183262,1.3227301246767746,833.0,834.0,0.12004801920768307,C2020|UT,C2020|UT|m
C2020,HYD_6,UT,f,29.11086956521739,908.5,92,44,0.0923415776269979,0.1853079014658561,1.096739379741684,908.0,895.0,-1.4317180616740088,C2020|UT,C2020|UT|f
C2020,NEBI,TJL,m,39.70588235294117,802.0,102,48,0.030891164221158,0.1779094825950371,1.0313732474672113,811.0,744.0,-8.261405672009865,C2020|TJL,C2020|TJL|m
C2020,NEBI,TJL,f,30.380434782608692,928.0,92,44,0.3062045207949641,0.1860430957260387,1.3582600705720662,927.0,910.0,-1.8338727076591155,C2020|TJL,C2020|TJL|f
C2020,NEBI,UM,m,36.66262626262627,828.5,102,51,-0.099038759744617,0.1802899815806793,0.9057076023478448,836.0,876.0,4.784688995215311,C2020|UM,C2020|UM|m
C2020,NEBI,UM,f,27.29659090909091,879.0,88,44,0.1640432276196168,0.1937860999176434,1.1782652475937996,878.0,900.0,2.5056947608200457,C2020|UM,C2020|UM|f
C2020,NEBI,UT,m,39.16734693877551,821.0,99,51,0.3658859116917867,0.178379113125095,1.4417907418043527,833.0,797.0,-4.321728691476591,C2020|UT,C2020|UT|m
C2020,NEBI,UT,f,29.11086956521739,908.5,92,44,0.2887497495434947,0.1862351783594909,1.3347576630157347,908.0,848.0,-6.607929515418502,C2020|UT,C2020|UT|f
C2020,OH-EST,TJL,m,39.70588235294117,802.0,102,54,-0.1712697926630722,0.1772359828882588,0.8425942170657424,811.0,833.0,2.7127003699136867,C2020|TJL,C2020|TJL|m
C2020,OH-EST,TJL,f,30.380434782608692,928.0,92,48,0.1308111787738896,0.1787127123613016,1.1397525515184128,927.0,856.0,-7.659115426105718,C2020|TJL,C2020|TJL|f
C2020,OH-EST,UM,m,36.66262626262627,828.5,102,51,-0.5139674310433267,0.1764985544795446,0.59811787382066,836.0,999.0,19.497607655502392,C2020|UM,C2020|UM|m
C2020,OH-EST,UM,f,27.29659090909091,879.0,88,44,0.7086045064093032,0.1966312568910942,2.0311548164605293,878.0,785.0,-10.592255125284739,C2020|UM,C2020|UM|f
C2020,OH-EST,UT,m,39.16734693877551,821.0,99,51,-0.364293338761127,0.1755050057018385,0.6946873861146734,833.0,996.0,19.56782713085234,C2020|UT,C2020|UT|m
C2020,OH-EST,UT,f,29.11086956521739,908.5,92,44,0.2342678811683561,0.1852196305615076,1.263983044114553,908.0,904.0,-0.44052863436123346,C2020|UT,C2020|UT|f
C2020,THIO,TJL,m,39.70588235294117,802.0,102,49,-0.1936939675936631,0.1802518339688876,0.8239100088531373,811.0,788.0,-2.8360049321824907,C2020|TJL,C2020|TJL|m
C2020,THIO,TJL,f,30.380434782608692,928.0,92,44,0.0600058588050493,0.1850599395728633,1.0618427676569042,927.0,904.0,-2.481121898597627,C2020|TJL,C2020|TJL|f
C2020,THIO,UM,m,36.66262626262627,828.5,102,51,-0.2373703298596667,0.1761345839443131,0.7886991550807534,836.0,920.0,10.047846889952153,C2020|UM,C2020|UM|m
C2020,THIO,UM,f,27.29659090909091,879.0,88,44,0.0963561178500295,0.1899725527516444,1.1011511337526252,878.0,893.0,1.7084282460136675,C2020|UM,C2020|UM|f
C2020,THIO,UT,m,39.16734693877551,821.0,99,51,-0.0258291365190696,0.1756567955804999,0.974501582117092,833.0,878.0,5.402160864345738,C2020|UT,C2020|UT|m
C2020,THIO,UT,f,29.11086956521739,908.5,92,44,0.0262108893446799,0.1857541967429951,1.026557415667994,908.0,904.0,-0.44052863436123346,C2020|UT,C2020|UT|f
C2021,2BA,TJL,m,41.34313725490196,692.5,102,51,0.0062202477400957,0.1763288486568471,1.006239633655291,715.0,749.0,4.755244755244755,C2021|TJL,C2021|TJL|m
C2021,2BA,TJL,f,29.64583333333333,892.5,96,48,-0.1736951549003774,0.1801374106236178,0.8405530970984986,894.0,883.0,-1.2304250559284116,C2021|TJL,C2021|TJL|f
C2021,2BA,UM,m,39.32941176470588,866.5,102,51,0.2989648330373007,0.1752989593562479,1.348462201319134,875.0,826.0,-5.6,C2021|UM,C2021|UM|m
C2021,2BA,UM,f,29.549473684210525,888.0,96,48,0.4543890390465351,0.1824233489435383,1.5752106967528765,888.0,826.0,-6.981981981981982,C2021|UM,C2021|UM|f
C2021,2BA,UT,m,39.06372549019608,783.0,102,51,0.1994435154350137,0.1728445904054742,1.2207232554615393,785.0,709.0,-9.681528662420382,C2021|UT,C2021|UT|m
C2021,2BA,UT,f,28.950000000000003,848.5,96,48,0.0278054213614187,0.1775533880116894,1.0281956000559305,853.0,831.0,-2.5791324736225087,C2021|UT,C2021|UT|f
C2021,DCA,TJL,m,41.34313725490196,692.5,102,51,-0.1539209137849141,0.1781095942749699,0.8573398220919284,715.0,776.0,8.531468531468532,C2021|TJL,C2021|TJL|m
C2021,DCA,TJL,f,29.64583333333333,892.5,96,48,0.0841160471124276,0.1808384875213542,1.0877551173251412,894.0,900.0,0.6711409395973155,C2021|TJL,C2021|TJL|f
C2021,DCA,UM,m,39.32941176470588,866.5,102,54,-0.1309561463608906,0.1727154197509484,0.8772562444262614,875.0,845.0,-3.4285714285714284,C2021|UM,C2021|UM|m
C2021,DCA,UM,f,29.549473684210525,888.0,96,48,0.0466337416063994,0.1804025536244128,1.0477381958880048,888.0,816.0,-8.108108108108109,C2021|UM,C2021|UM|f
C2021,DCA,UT,m,39.06372549019608,783.0,102,51,-0.0277885681398114,0.172981132082356,0.9725939824185456,785.0,784.0,-0.12738853503184713,C2021|UT,C2021|UT|m
C2021,DCA,UT,f,28.950000000000003,848.5,96,48,-0.0695988348748612,0.1791855974753268,0.9327679388261038,853.0,854.0,0.11723329425556858,C2021|UT,C2021|UT|f
C2021,Epi,TJL,m,41.34313725490196,692.5,102,51,-0.3749092399828898,0.1894368054450954,0.6873516600084922,715.0,801.0,12.027972027972028,C2021|TJL,C2021|TJL|m
C2021,Epi,TJL,f,29.64583333333333,892.5,96,48,0.1442750929922804,0.1788661686918367,1.1552018527526662,894.0,876.0,-2.0134228187919465,C2021|TJL,C2021|TJL|f
C2021,Epi,UM,m,39.32941176470588,866.5,102,51,-0.1659324558993711,0.1800900278652835,0.8471034490977221,875.0,880.0,0.5714285714285714,C2021|UM,C2021|UM|m
C2021,Epi,UM,f,29.549473684210525,888.0,96,48,-0.1074608396978177,0.1815960657961021,0.8981116920874269,888.0,894.0,0.6756756756756757,C2021|UM,C2021|UM|f
C2021,Epi,UT,m,39.06372549019608,783.0,102,51,-0.1356681020488528,0.1730071068431499,0.8731323752499709,785.0,805.0,2.5477707006369426,C2021|UT,C2021|UT|m
C2021,Epi,UT,f,28.950000000000003,848.5,96,48,0.1414168972818222,0.17820494455434,1.1519047738653454,853.0,832.0,-2.4618991793669402,C2021|UT,C2021|UT|f
C2021,For,TJL,m,41.34313725490196,692.5,102,51,-0.3059361579323612,0.17847151291082,0.7364336334011855,715.0,755.0,5.594405594405594,C2021|TJL,C2021|TJL|m
C2021,For,TJL,f,29.64583333333333,892.5,96,48,0.0374152712426128,0.1792221534059185,1.038124034395945,894.0,869.0,-2.796420581655481,C2021|TJL,C2021|TJL|f
C2021,For,UM,m,39.32941176470588,866.5,102,54,0.0026732524222827,0.1772206406496673,1.0026768287476362,875.0,893.0,2.057142857142857,C2021|UM,C2021|UM|m
C2021,For,UM,f,29.549473684210525,888.0,96,48,0.1966564343630524,0.1797525678511627,1.217325737560332,888.0,870.0,-2.027027027027027,C2021|UM,C2021|UM|f
C2021,For,UT,m,39.06372549019608,783.0,102,51,-0.1060171406799669,0.172625325936403,0.8994092314580031,785.0,809.0,3.0573248407643314,C2021|UT,C2021|UT|m
C2021,For,UT,f,28.950000000000003,848.5,96,48,-0.2085631572632514,0.1783803717251182,0.8117497651899254,853.0,894.0,4.8065650644783116,C2021|UT,C2021|UT|f
C2021,Hal,TJL,m,41.34313725490196,692.5,102,51,-0.3347887996550121,0.178375358198391,0.715489181958341,715.0,779.0,8.951048951048952,C2021|TJL,C2021|TJL|m
C2021,Hal,TJL,f,29.64583333333333,892.5,96,48,-0.006346372262052,0.1780074172363058,0.99367372342435,894.0,912.0,2.0134228187919465,C2021|TJL,C2021|TJL|f
C2021,Hal,UM,m,39.32941176470588,866.5,102,57,-0.2408301304179066,0.171769752200403,0.785975128315649,875.0,926.0,5.828571428571428,C2021|UM,C2021|UM|m
C2021,Hal,UM,f,29.549473684210525,888.0,96,48,0.1486153059532908,0.1809547142137829,1.160226571092662,888.0,867.0,-2.364864864864865,C2021|UM,C2021|UM|f
C2021,Hal,UT,m,39.06372549019608,783.0,102,51,-0.3651221317601821,0.1790802516645116,0.6941118725962603,785.0,864.0,10.063694267515924,C2021|UT,C2021|UT|m
C2021,Hal,UT,f,28.950000000000003,848.5,96,48,-0.030008076661526,0.1776482349090186,0.9704376956200564,853.0,828.0,-2.9308323563892147,C2021|UT,C2021|UT|f
C2021,M160,TJL,m,41.34313725490196,692.5,102,51,-0.4966888002444318,0.1766278306635221,0.6085423325721534,715.0,860.0,20.27972027972028,C2021|TJL,C2021|TJL|m
C2021,M160,TJL,f,29.64583333333333,892.5,96,48,-0.0190040787112436,0.1795888866722885,0.9811753603036706,894.0,880.0,-1.5659955257270695,C2021|TJL,C2021|TJL|f
C2021,M160,UM,m,39.32941176470588,866.5,102,51,-0.0921081175677693,0.17602305958669,0.9120065402855644,875.0,913.0,4.3428571428571425,C2021|UM,C2021|UM|m
C2021,M160,UM,f,29.549473684210525,888.0,96,48,0.4738148230322568,0.1820953246066879,1.606109544993198,888.0,825.0,-7.094594594594595,C2021|UM,C2021|UM|f
C2021,M160,UT,m,39.06372549019608,783.0,102,51,-0.1492501181063673,0.1760695386315122,0.8613536478106685,785.0,867.0,10.445859872611464,C2021|UT,C2021|UT|m
C2021,M160,UT,f,28.950000000000003,848.5,96,48,0.1484724536787578,0.1781124217796188,1.160060841925684,853.0,848.0,-0.5861664712778429,C2021|UT,C2021|UT|f
