cohort,group,site,sex,ctl_bw6,ctl_median,n_ctl,n_tx,log_hr,se,hr
C2004,4-OH-PBN,UM,m,36.94528279245283,813.0,126,60,-0.03636910681273038,0.16502254155201368,0.9642843038820993
C2004,4-OH-PBN,UM,f,27.301219536585368,889.5,96,48,0.11694886536069066,0.20008979786266998,1.1240619497185804
C2004,Aspirin,UM,m,36.94528279245283,813.0,126,60,-0.060672095132582815,0.16483231733196443,0.9411317908806514
C2004,Aspirin,UM,f,27.301219536585368,889.5,96,48,0.291667552603592,0.19030077215209135,1.338657910319042
C2004,NDGA,UM,m,36.94528279245283,813.0,126,60,-0.22550201305814915,0.16378265757849794,0.7981154537934556
C2004,NDGA,UM,f,27.301219536585368,889.5,96,52,-0.30624874590098894,0.19666000992468638,0.7362034690828639
C2004,NFP,UM,m,36.94528279245283,813.0,126,60,0.24913792854662764,0.167265136998645,1.282918972016316
C2004,NFP,UM,f,27.301219536585368,889.5,96,48,0.12008005227182852,0.1941819130598667,1.127587113876627
C2005,CAPE_hi,TJL,m,41.30578512396694,802.5,126,60,-0.12572885968792272,0.1646340195091267,0.8818539205179037
C2005,CAPE_hi,TJL,f,30.19148936170213,876.5,96,48,-0.4629838231751494,0.18166890954249001,0.6294028141648944
C2005,CAPE_hi,UM,m,36.65363631818182,860.5,126,60,0.25010632733542104,0.16812078316089887,1.2841619509474442
C2005,CAPE_hi,UM,f,26.974736884210525,884.5,96,48,-0.22206603573872596,0.18030634663034487,0.8008624770431633
C2005,CAPE_hi,UT,m,43.32934760869566,716.5,126,63,-0.024459612075523406,0.15745630820711598,0.9758371001576355
C2005,CAPE_hi,UT,f,28.646666613333334,883.5,104,52,0.1153345170033949,0.1742661767997466,1.1222487860891937
C2005,CAPE_lo,TJL,m,41.30578512396694,802.5,126,60,0.0392067610835004,0.16373835395600683,1.0399854899486507
C2005,CAPE_lo,TJL,f,30.19148936170213,876.5,96,48,-0.20397409411369194,0.18461840349701136,0.815483496736406
C2005,CAPE_lo,UM,m,36.65363631818182,860.5,126,60,0.20958364857901948,0.16263616443681378,1.2331645232567336
C2005,CAPE_lo,UM,f,26.974736884210525,884.5,96,48,-0.06786592940176754,0.17899290603310222,0.9343857388348173
C2005,CAPE_lo,UT,m,43.32934760869566,716.5,126,60,-0.2612044108967642,0.15987725348309018,0.7701234818930814
C2005,CAPE_lo,UT,f,28.646666613333334,883.5,104,48,0.22777107054059534,0.17714975097752286,1.255797803410213
C2005,Enal,TJL,m,41.30578512396694,802.5,126,60,0.1253427187349182,0.16342433381736388,1.1335368708263556
C2005,Enal,TJL,f,30.19148936170213,876.5,96,48,-0.14169623081433516,0.18911185312112255,0.8678848531227031
C2005,Enal,UM,m,36.65363631818182,860.5,126,60,-0.06720828457526727,0.16665474396849805,0.935000434885602
C2005,Enal,UM,f,26.974736884210525,884.5,96,44,-0.18375481530072776,0.18395311619704127,0.8321398067647243
C2005,Enal,UT,m,43.32934760869566,716.5,126,60,-0.3948041951390745,0.16190702016377578,0.6738119619903966
C2005,Enal,UT,f,28.646666613333334,883.5,104,52,0.23976998965109184,0.1738014480753063,1.270956783485778
C2005,Rapa,TJL,m,41.30578512396694,802.5,126,60,-0.3519560255667614,0.16559441788321738,0.703311049001107
C2005,Rapa,TJL,f,30.19148936170213,876.5,96,48,-0.8952550654782437,0.2030179548446199,0.40850339023883503
C2005,Rapa,UM,m,36.65363631818182,860.5,126,57,-0.42353350717913063,0.170757794538553,0.6547292371690554
C2005,Rapa,UM,f,26.974736884210525,884.5,96,48,-0.9197945552483504,0.19987606628837526,0.3986009231407688
C2005,Rapa,UT,m,43.32934760869566,716.5,126,60,-0.9305359254121314,0.17242915817283766,0.39434231566272016
C2005,Rapa,UT,f,28.646666613333334,883.5,104,48,-0.3662414043448529,0.17902504324889443,0.6933354068260548
C2006,Rapa,TJL,m,42.06666666666667,726.5,120,60,-0.4442256955236969,0.17647988227828926,0.6413206612896372
C2006,Rapa,TJL,f,29.661016949152543,848.0,96,48,-1.0212432732637062,0.2181213277187649,0.3601469007003944
C2006,Rapa,UM,m,34.34672885981309,846.0,111,54,-0.5452513074068172,0.1908543151380453,0.5796960831134509
C2006,Rapa,UM,f,26.037931,893.0,88,48,-0.8374549117614208,0.19735553448826418,0.43281066418853936
C2006,Res_hi,TJL,m,42.06666666666667,726.5,120,60,0.15713085206264846,0.17169433455020297,1.170148720257205
C2006,Res_hi,TJL,f,29.661016949152543,848.0,96,48,-0.0633967872293409,0.19478114848485475,0.9385709868136051
C2006,Res_hi,UM,m,34.34672885981309,846.0,111,54,-0.19028738698402706,0.17807902578082332,0.8267215107984797
C2006,Res_hi,UM,f,26.037931,893.0,88,48,-0.2535407547624378,0.18193051672034524,0.7760481166240059
C2006,Res_lo,TJL,m,42.06666666666667,726.5,120,60,0.10308169584139504,0.1676983299104289,1.108581971913604
C2006,Res_lo,TJL,f,29.661016949152543,848.0,96,48,0.02199316306885479,0.19410173231054662,1.0222367954839617
C2006,Res_lo,UM,m,34.34672885981309,846.0,111,51,0.03236443947780822,0.1735042000247978,1.0328938640214012
C2006,Res_lo,UM,f,26.037931,893.0,88,48,0.12216912210420805,0.1809549039214201,1.1299451843289354
C2006,Sim_hi,TJL,m,42.06666666666667,726.5,120,60,-0.10649002217831487,0.17028862494017263,0.8989840180187111
C2006,Sim_hi,TJL,f,29.661016949152543,848.0,96,48,0.07959169349423174,0.19295058750655378,1.0828448448049934
C2006,Sim_hi,UM,m,34.34672885981309,846.0,111,54,-0.060966070699472,0.16817469306501043,0.9408551617919986
C2006,Sim_hi,UM,f,26.037931,893.0,88,48,-0.04810285202771632,0.18108348769739901,0.9530357603760278
C2006,Sim_lo,TJL,m,42.06666666666667,726.5,120,60,-0.27327727823807885,0.16921226598677427,0.7608817824166947
C2006,Sim_lo,TJL,f,29.661016949152543,848.0,96,47,0.17659099204399953,0.19297403749211348,1.1931429883396956
C2006,Sim_lo,UM,m,34.34672885981309,846.0,111,53,-0.05466425231269747,0.16900315905418678,0.9468029815059299
C2006,Sim_lo,UM,f,26.037931,893.0,88,48,-0.18764481694448745,0.1819306691393158,0.8289090694093723
C2007,Cur,TJL,m,42.81609195402299,698.0,99,51,-0.14099864128121795,0.17822302022708586,0.8684904917312094
C2007,Cur,TJL,f,30.15909090909091,835.5,98,44,-0.11556814399339246,0.18657040882935721,0.8908598634199845
C2007,Cur,UM,m,36.754761797619054,777.5,96,57,-0.2020690072072216,0.18561713626569273,0.8170385444486805
C2007,Cur,UM,f,28.75348836046512,900.0,91,44,-0.014932895363389506,0.1850381565396897,0.9851780473998354
C2007,GTE,TJL,m,42.81609195402299,698.0,99,51,-0.09438436082316581,0.18365666815279091,0.9099329524398565
C2007,GTE,TJL,f,30.15909090909091,835.5,98,44,0.014268894190642563,0.18995168402226753,1.0143711807878577
C2007,GTE,UM,m,36.754761797619054,777.5,96,51,-0.3406985218923806,0.17695157948934623,0.7112733092174434
C2007,GTE,UM,f,28.75348836046512,900.0,91,42,-0.019816072285564888,0.19025358898130226,0.980378975589214
C2007,MCTO,TJL,m,42.81609195402299,698.0,99,51,-0.01309225715723786,0.17784523375695271,0.9869930736446324
C2007,MCTO,TJL,f,30.15909090909091,835.5,98,44,-0.05937199100482404,0.1858369695202439,0.942356155935312
C2007,MCTO,UM,m,36.754761797619054,777.5,96,51,-0.37876123751948404,0.18283791400889468,0.6847090759884623
C2007,MCTO,UM,f,28.75348836046512,900.0,91,48,-0.16741584765858444,0.18543624077137863,0.8458477943663204
C2007,OAA,TJL,m,42.81609195402299,698.0,99,51,0.14087554833000823,0.1789818378463522,1.151281360180821
C2007,OAA,TJL,f,30.15909090909091,835.5,98,44,-0.15151258967557352,0.18489647507150092,0.8594070625487156
C2007,OAA,UM,m,36.754761797619054,777.5,96,51,-0.2887250784639567,0.1838568485968292,0.7492181532971525
C2007,OAA,UM,f,28.75348836046512,900.0,91,46,-0.1275949375249942,0.1820674209840013,0.8802098469230287
C2007,Res,TJL,m,42.81609195402299,698.0,99,51,-0.11378560735886885,0.17771398984367717,0.8924492699295694
C2007,Res,TJL,f,30.15909090909091,835.5,98,44,-0.14112309999640937,0.18542949981330362,0.8683824072466201
C2007,Res,UM,m,36.754761797619054,777.5,96,51,-0.16237279459868267,0.17546163206457077,0.8501242237407193
C2007,Res,UM,f,28.75348836046512,900.0,91,44,-0.11135362216498015,0.1903086514512228,0.8946223346999497
C2009,17aE2,TJL,m,43.464646464646464,807.0,102,54,-0.06055428774213045,0.17186962846652065,0.9412426696920503
C2009,17aE2,TJL,f,32.71666666666667,785.0,96,48,-0.06970325475092726,0.19947658832241372,0.9326705443985787
C2009,17aE2,UM,m,35.86105234736842,907.0,99,51,-0.2613364361870554,0.18353700240471157,0.770021812828416
C2009,17aE2,UM,f,28.29325835955056,886.5,92,44,0.2055941474509678,0.19024840468391874,1.2282546125594855
C2009,17aE2,UT,m,44.640404060606066,704.0,99,51,-0.6189888432248798,0.1876902558067199,0.5384886588575257
C2009,17aE2,UT,f,34.88804328260869,865.5,92,44,-0.09383607894587812,0.18666452233091058,0.9104319889810706
C2009,ACA,TJL,m,43.464646464646464,807.0,102,54,-0.5867475353609682,0.17173087688125988,0.5561331497907267
C2009,ACA,TJL,f,32.71666666666667,785.0,96,48,-0.22589888413760206,0.20457997443353776,0.7977987676977136
C2009,ACA,UM,m,35.86105234736842,907.0,99,51,-0.3479367049723355,0.18006321993314325,0.7061435701767261
C2009,ACA,UM,f,28.29325835955056,886.5,92,44,-0.2872282653447476,0.18943967854833527,0.7503404325697924
C2009,ACA,UT,m,44.640404060606066,704.0,99,51,-1.2617236863190064,0.20595534744814256,0.28316551707441884
C2009,ACA,UT,f,34.88804328260869,865.5,92,44,-0.4128996310883765,0.1915778759365461,0.6617286964839155
C2009,MB,TJL,m,43.464646464646464,807.0,102,54,0.32810145219717457,0.1730375237278101,1.3883298142549874
C2009,MB,TJL,f,32.71666666666667,785.0,96,48,-0.05676384591389098,0.20137575455857737,0.9448171654572085
C2009,MB,UM,m,35.86105234736842,907.0,99,51,0.045731406093773866,0.1882755427614409,1.046793210916788
C2009,MB,UM,f,28.29325835955056,886.5,92,44,-0.3688607625166363,0.18789964077514512,0.6915216894870632
C2009,MB,UT,m,44.640404060606066,704.0,99,51,0.0018886548159179819,0.1752286743534586,1.001890439447766
C2009,MB,UT,f,34.88804328260869,865.5,92,44,-0.04011257518202867,0.18521058064406928,0.9606812841942157
C2009,Rapa_hi,TJL,m,43.464646464646464,807.0,102,54,-0.4631517850225735,0.1852411958230035,0.6292971073830551
C2009,Rapa_hi,TJL,f,32.71666666666667,785.0,96,48,-1.3584854717594061,0.26678536845915807,0.2570497914608735
C2009,Rapa_hi,UM,m,35.86105234736842,907.0,99,51,-0.5741413721312775,0.1990344678504987,0.5631882303733388
C2009,Rapa_hi,UM,f,28.29325835955056,886.5,92,44,-1.5233142888425018,0.2166616113226698,0.21798821248111316
C2009,Rapa_hi,UT,m,44.640404060606066,704.0,99,51,-0.5753651879321521,0.197743254602935,0.5624994132967239
C2009,Rapa_hi,UT,f,34.88804328260869,865.5,92,44,-1.639535010858527,0.2255997147774663,0.1940702618781583
C2009,Rapa_lo,TJL,m,43.464646464646464,807.0,102,54,0.13210492167673415,0.1707043616170984,1.1412280525466263
C2009,Rapa_lo,TJL,f,32.71666666666667,785.0,96,48,-1.1839843875627796,0.26695131418963564,0.30605685685843403
C2009,Rapa_lo,UM,m,35.86105234736842,907.0,99,51,-0.41157261395034483,0.18245113806669186,0.6626074047063638
C2009,Rapa_lo,UM,f,28.29325835955056,886.5,92,44,-0.8179564283479104,0.19874310231414677,0.4413326284386719
C2009,Rapa_lo,UT,m,44.640404060606066,704.0,99,51,-0.12807813096243373,0.17918363409721283,0.87978463803877
C2009,Rapa_lo,UT,f,34.88804328260869,865.5,92,44,-0.7041836196852743,0.19797121858239955,0.49451211947027324
C2009,Rapa_mid,TJL,m,43.464646464646464,807.0,102,54,-0.06959635563308773,0.1733753209768525,0.9327702513862094
C2009,Rapa_mid,TJL,f,32.71666666666667,785.0,96,48,-1.0454731729596813,0.26787190120816257,0.3515254476833937
C2009,Rapa_mid,UM,m,35.86105234736842,907.0,99,51,-0.19848602019882114,0.18668270613136242,0.8199712336950992
C2009,Rapa_mid,UM,f,28.29325835955056,886.5,92,44,-1.2216625736803817,0.21783957388053007,0.29473973282321514
C2009,Rapa_mid,UT,m,44.640404060606066,704.0,99,51,-0.6634407985508601,0.19160181205335539,0.5150760091888548
C2009,Rapa_mid,UT,f,34.88804328260869,865.5,92,44,-1.2372283733071687,0.20579075147045922,0.2901873955019992
C2010,FO_hi,TJL,m,43.255102040816325,671.5,102,54,-0.12542230291993256,0.1774979310649063,0.8821243002468676
C2010,FO_hi,TJL,f,32.705263157894734,853.5,96,48,0.017305456833471053,0.17948852792446257,1.0174560637712111
C2010,FO_hi,UM,m,33.75757575757576,883.0,99,51,0.5438441021835202,0.18851547030469573,1.722616062993604
C2010,FO_hi,UM,f,25.860439560439563,916.0,92,44,0.060534763557226166,0.18742003664377518,1.062404529889044
C2010,FO_hi,UT,m,41.24444444444445,732.0,99,51,0.04212255463538267,0.17663683337830277,1.0430222981356183
C2010,FO_hi,UT,f,31.032608695652176,895.0,92,44,0.31244715118785366,0.18931518891080268,1.3667657073209623
C2010,FO_lo,TJL,m,43.255102040816325,671.5,102,54,-0.043611036960853874,0.17956935307569594,0.9573262495919116
C2010,FO_lo,TJL,f,32.705263157894734,853.5,96,48,0.126709268305841,0.18172228105850874,1.135086964049195
C2010,FO_lo,UM,m,33.75757575757576,883.0,99,51,0.04158179188968598,0.18781548611585186,1.0424584230089273
C2010,FO_lo,UM,f,25.860439560439563,916.0,92,44,0.3083463589196436,0.19333943437644255,1.361172361488968
C2010,FO_lo,UT,m,41.24444444444445,732.0,99,51,-0.35181463024689674,0.18362869271576798,0.7034105009226973
C2010,FO_lo,UT,f,31.032608695652176,895.0,92,44,0.10687379487070876,0.1888977795080707,1.1127938053307342
C2010,ND_hi,TJL,m,43.255102040816325,671.5,102,54,-0.3239904110371445,0.18698790248339273,0.7232571776328027
C2010,ND_hi,TJL,f,32.705263157894734,853.5,96,48,0.028590611331536182,0.1857152017294257,1.0290032459646523
C2010,ND_hi,UM,m,33.75757575757576,883.0,99,51,-0.030618407918595117,0.18285184167423255,0.9698455878706952
C2010,ND_hi,UM,f,25.860439560439563,916.0,92,44,-0.1011264799033503,0.19335285606871053,0.903818710753108
C2010,ND_hi,UT,m,41.24444444444445,732.0,99,51,-0.5836361144421266,0.18790239197760755,0.5578662088466103
C2010,ND_hi,UT,f,31.032608695652176,895.0,92,44,0.3561412025812281,0.1983248548836252,1.4278091443672507
C2010,ND_lo,TJL,m,43.255102040816325,671.5,102,54,-0.16581651504360528,0.19579478965680916,0.8472016686902545
C2010,ND_lo,UM,m,33.75757575757576,883.0,99,51,-0.20637385268388966,0.18377726846315645,0.8135288794690548
C2010,ND_lo,UT,m,41.24444444444445,732.0,99,51,-0.34697842288491154,0.18497591140797798,0.706820579242198
C2010,ND_mid,TJL,m,43.255102040816325,671.5,102,54,-0.31772276673533223,0.18908249550113163,0.7278045320747436
C2010,ND_mid,UM,m,33.75757575757576,883.0,99,51,-0.07102657207780541,0.18704584562262283,0.93143714157856
C2010,ND_mid,UT,m,41.24444444444445,732.0,99,51,-0.3673278576861404,0.18041959187589277,0.6925825393084466
C2011,17aE2,TJL,m,41.25,767.0,102,54,-0.8041010516699623,0.18224898633263403,0.4474900162061476
C2011,17aE2,TJL,f,30.795180722891565,890.0,96,48,0.1552095824925599,0.18030384720290304,1.1679027074174462
C2011,17aE2,UM,m,34.847058823529416,829.0,105,51,-0.5521006865128061,0.1916925322105215,0.5757390918105697
C2011,17aE2,UM,f,27.746000000000002,870.5,100,44,0.061165853027849874,0.18504509972204017,1.0630752138099206
C2011,17aE2,UT,m,42.49797979797979,715.0,99,51,-0.5367728100264351,0.1812069594424122,0.5846319295483727
C2011,17aE2,UT,f,32.29347826086956,859.5,92,44,-0.20487667966198803,0.18568006662173947,0.8147477851886294
C2011,Met,TJL,m,41.25,767.0,102,54,-0.2601381810304297,0.17100317236442103,0.7709450484618149
C2011,Met,TJL,f,30.795180722891565,890.0,96,48,0.08381307788858035,0.1776734311168632,1.0874256109191798
C2011,Met,UM,m,34.847058823529416,829.0,105,57,0.07256612526028282,0.18084667174199945,1.0752639058450308
C2011,Met,UM,f,27.746000000000002,870.5,100,52,-0.07925111562482413,0.1771341049672196,0.9238079127142019
C2011,Met,UT,m,42.49797979797979,715.0,99,51,-0.0721739837360116,0.178152300972681,0.930369012652405
C2011,Met,UT,f,32.29347826086956,859.5,92,44,0.12223477074282287,0.1901823477458617,1.1300193661269362
C2011,MetRapa,TJL,m,41.25,767.0,102,54,-0.8886937101393166,0.18183863469133688,0.4111925387211007
C2011,MetRapa,TJL,f,30.795180722891565,890.0,96,48,-1.0041174027446504,0.20033595907546434,0.3663678474063254
C2011,MetRapa,UM,m,34.847058823529416,829.0,105,57,-0.6080972174071817,0.1791022809265711,0.5443857318972162
C2011,MetRapa,UM,f,27.746000000000002,870.5,100,52,-1.0761301620805868,0.1906733568979423,0.34091225140174014
C2011,MetRapa,UT,m,42.49797979797979,715.0,99,51,-0.5391502221363305,0.1819687965910389,0.5832436694063502
C2011,MetRapa,UT,f,32.29347826086956,859.5,92,44,-0.9461998314176758,0.19887938491873583,0.3882135005999845
C2011,Prot,TJL,m,41.25,767.0,102,54,-0.2700629337803771,0.17416368354823053,0.7633314534911241
C2011,Prot,TJL,f,30.795180722891565,890.0,96,48,-0.2249674151008095,0.18266704546184664,0.7985422387537945
C2011,Prot,UM,m,34.847058823529416,829.0,105,51,-0.1354224318217263,0.17632827937157822,0.8733469042295227
C2011,Prot,UM,f,27.746000000000002,870.5,100,44,0.024155334439303386,0.1855956266044835,1.0244494378109168
C2011,Prot,UT,m,42.49797979797979,715.0,99,51,-0.370118251604795,0.1763739110356735,0.6906526550235011
C2011,Prot,UT,f,32.29347826086956,859.5,92,44,-0.12702959720862794,0.1869697394221584,0.8807076057246587
C2011,UDCA,TJL,m,41.25,767.0,102,54,-0.08720162647870515,0.17112553226254817,0.9164922878899434
C2011,UDCA,TJL,f,30.795180722891565,890.0,96,48,-0.06953494071990134,0.1796670772769714,0.9328275391493646
C2011,UDCA,UM,m,34.847058823529416,829.0,105,51,0.13749686202611516,0.18604249860119587,1.1473981054611326
C2011,UDCA,UM,f,27.746000000000002,870.5,100,44,0.14390088740403315,0.18620297161251256,1.1547696506350797
C2011,UDCA,UT,m,42.49797979797979,715.0,99,51,-0.24014393409660723,0.17342439958017014,0.786514646643908
C2011,UDCA,UT,f,32.29347826086956,859.5,92,44,0.05186696293355362,0.18622120275707632,1.053235613816077
C2013,ACA_hi,TJL,m,43.39795918367347,783.0,102,54,-0.6779678452665916,0.17672936008513673,0.5076475632697627
C2013,ACA_hi,TJL,f,32.40217391304348,889.5,96,48,-0.2729187322885321,0.17796444553716098,0.7611546424113639
C2013,ACA_hi,UM,m,38.45533980582525,796.0,108,54,-0.22878508643635187,0.18448102468698704,0.7954994787630699
C2013,ACA_hi,UM,f,29.965263157894736,868.5,96,52,-0.19274476111609073,0.17583788490902333,0.8246924408564932
C2013,ACA_hi,UT,m,41.57549019607843,807.0,102,60,-0.7598168982485025,0.17075844980815494,0.46775206539184094
C2013,ACA_hi,UT,f,32.192708333333336,897.0,96,52,-0.3980253067964953,0.1800933650376173,0.6716450302628378
C2013,ACA_lo,TJL,m,43.39795918367347,783.0,102,54,-0.5991159424253804,0.18704102990194849,0.5492970317051744
C2013,ACA_lo,TJL,f,32.40217391304348,889.5,96,48,-0.16567205474182015,0.18163365884203128,0.8473240645394441
C2013,ACA_lo,UM,m,38.45533980582525,796.0,108,54,-0.2411556760342385,0.1907348242485128,0.7857192992023625
C2013,ACA_lo,UM,f,29.965263157894736,868.5,96,44,-0.12849555052676748,0.1859175907666908,0.8794174753542274
C2013,ACA_lo,UT,m,41.57549019607843,807.0,102,57,-0.588041768518072,0.17421611868254902,0.5554138494001154
C2013,ACA_lo,UT,f,32.192708333333336,897.0,96,48,-0.4002207703854422,0.18380916588390378,0.6701720755550574
C2013,ACA_mid,TJL,m,43.39795918367347,783.0,102,54,-0.7130348885303271,0.17734822906263856,0.4901543739926744
C2013,ACA_mid,TJL,f,32.40217391304348,889.5,96,48,-0.19864174906526408,0.1791531288921193,0.8198435504466018
C2013,ACA_mid,UM,m,38.45533980582525,796.0,108,54,-0.5028269504851541,0.1836780962576959,0.6048184488778052
C2013,ACA_mid,UM,f,29.965263157894736,868.5,96,48,-0.3441767594873273,0.18465066504407526,0.7088036292098427
C2013,ACA_mid,UT,m,41.57549019607843,807.0,102,54,-0.5479931967446579,0.1776530551819418,0.5781087976789071
C2013,ACA_mid,UT,f,32.192708333333336,897.0,96,48,-0.4153449874949523,0.18012213657034953,0.6601125108568601
C2013,UA,TJL,m,43.39795918367347,783.0,102,54,-0.2736606522419358,0.17422302914055507,0.7605901360297014
C2013,UA,TJL,f,32.40217391304348,889.5,96,48,0.15521516891577536,0.17959521980224624,1.1679092318344684
C2013,UA,UM,m,38.45533980582525,796.0,108,60,-0.0007808461849229103,0.1897355124876193,0.9992194585961252
C2013,UA,UM,f,29.965263157894736,868.5,96,52,-0.0004169387052196724,0.17450798777191268,0.9995831482016436
C2013,UA,UT,m,41.57549019607843,807.0,102,54,0.007106420587868706,0.17243382593744344,1.007131731114882
C2013,UA,UT,f,32.192708333333336,897.0,96,48,-0.3596716424495007,0.18347915917333074,0.6979054509758887
C2014,Asp_200,TJL,m,43.96774193548387,846.5,102,54,-0.046556493018723326,0.1796345559330693,0.9545106358595766
C2014,Asp_200,TJL,f,31.229166666666668,903.5,96,48,-0.24225508925415387,0.17916726734419072,0.7848559436968671
C2014,Asp_200,UT,m,43.3894735263158,731.0,99,51,-0.2525166689473332,0.17754426440614032,0.7768432635719417
C2014,Asp_200,UT,f,34.46847820652174,881.5,92,44,0.42003461519154356,0.1923614838702086,1.52201423952123
C2014,Asp_60,TJL,m,43.96774193548387,846.5,102,54,-0.08359205529287667,0.17268337828784497,0.9198064097253786
C2014,Asp_60,TJL,f,31.229166666666668,903.5,96,48,-0.06328577710911437,0.17872434160706663,0.9386751834750273
C2014,Asp_60,UT,m,43.3894735263158,731.0,99,51,0.05073787587594825,0.17874120622659123,1.0520470902154804
C2014,Asp_60,UT,f,34.46847820652174,881.5,92,44,0.29545837434820327,0.18546383967379823,1.3437421544772095
C2014,Gly,TJL,m,43.96774193548387,846.5,102,54,-0.17591042457293693,0.17340316132847025,0.8386931062656081
C2014,Gly,TJL,f,31.229166666666668,903.5,96,48,-0.45302433738774933,0.1813706114935405,0.635702662095966
C2014,Gly,UT,m,43.3894735263158,731.0,99,51,-0.4839152926187017,0.17980687485707555,0.6163654104008741
C2014,Gly,UT,f,34.46847820652174,881.5,92,44,-0.05035443712342785,0.19068081770436893,0.9508923332221345
C2014,Inu,TJL,m,43.96774193548387,846.5,102,54,0.125903615471394,0.17637057743826115,1.1341728462994873
C2014,Inu,TJL,f,31.229166666666668,903.5,96,48,-0.15773430038102657,0.17949083504201002,0.8540766796721931
C2014,Inu,UT,m,43.3894735263158,731.0,99,51,-0.10096451237129674,0.17583067610419198,0.9039651118949084
C2014,Inu,UT,f,34.46847820652174,881.5,92,44,0.004232977662819522,0.18450044954745629,1.004241949367308
C2014,TM,TJL,m,43.96774193548387,846.5,102,54,0.11505583833650247,0.18036895543045708,1.121936082867447
C2014,TM,TJL,f,31.229166666666668,903.5,96,48,-0.008333344225228165,0.17951298580825548,0.9917012818373698
C2014,TM,UT,m,43.3894735263158,731.0,99,51,-0.3079134682686784,0.17654543885987453,0.7349789142554178
C2014,TM,UT,f,34.46847820652174,881.5,92,44,0.09950567394849706,0.18515068645902874,1.104624738306046
C2015,DMAG,TJL,m,39.86813186813187,756.5,102,54,-0.1344133241341759,0.17450041449313297,0.8742286501179329
C2015,DMAG,TJL,f,29.094736842105263,926.0,96,48,0.18538723757083936,0.1828469353047542,1.2036844617383544
C2015,DMAG,UT,m,41.74615389010989,762.0,99,51,-0.30645998841543504,0.17668739170697803,0.7360479680357053
C2015,DMAG,UT,f,31.688636363636366,885.5,92,44,-0.01945970333356287,0.18624366974346115,0.9807284144781967
C2015,Min,TJL,m,39.86813186813187,756.5,102,54,0.1902721252708756,0.17480606511189142,1.209578709809406
C2015,Min,TJL,f,29.094736842105263,926.0,96,48,0.05087612168998278,0.17853996783516546,1.0521925413756452
C2015,Min,UT,m,41.74615389010989,762.0,99,51,-0.05585835684300601,0.17850866411160066,0.9456730745241867
C2015,Min,UT,f,31.688636363636366,885.5,92,44,-0.053050427932799064,0.18732426953993964,0.9483321888445945
C2015,MitoQ,TJL,m,39.86813186813187,756.5,102,54,-0.08113610601496969,0.1736978768724244,0.9220681838775965
C2015,MitoQ,TJL,f,29.094736842105263,926.0,96,48,-0.13803720961346602,0.17931928923562068,0.8710662791032224
C2015,MitoQ,UT,m,41.74615389010989,762.0,99,51,-0.08898986747630455,0.1818918234327312,0.9148548433158668
C2015,MitoQ,UT,f,31.688636363636366,885.5,92,44,0.18681356979313904,0.1868805386587022,1.2054025406559985
C2015,bGPA,TJL,m,39.86813186813187,756.5,102,54,0.08419067183438397,0.17351469530542382,1.0878362937771755
C2015,bGPA,TJL,f,29.094736842105263,926.0,96,48,0.13625076498915156,0.17887242275457307,1.1459692265274943
C2015,bGPA,UT,m,41.74615389010989,762.0,99,51,-0.054095121937754405,0.18302166769321976,0.9473419892100707
C2015,bGPA,UT,f,31.688636363636366,885.5,92,44,-0.12746048251818057,0.18834590244903238,0.8803282035006331
C2015,rapa_hi_continuous,TJL,m,39.86813186813187,756.5,102,54,-0.15292068152174804,0.17747388655470936,0.8581977900545698
C2015,rapa_hi_continuous,TJL,f,29.094736842105263,926.0,96,48,-0.6514216406805078,0.18631479382522043,0.5213041425412811
C2015,rapa_hi_continuous,UT,m,41.74615389010989,762.0,99,51,-0.6387517914398174,0.1884035782465608,0.5279510058987062
C2015,rapa_hi_continuous,UT,f,31.688636363636366,885.5,92,44,-0.8248520077558611,0.19930457598960022,0.43829985264422766
C2015,rapa_hi_cycle,TJL,m,39.86813186813187,756.5,102,54,-0.3392369023726167,0.1828098698168311,0.7123136802982075
C2015,rapa_hi_cycle,TJL,f,29.094736842105263,926.0,96,48,-0.4770828162054319,0.18366312776191243,0.6205911321625186
C2015,rapa_hi_cycle,UT,m,41.74615389010989,762.0,99,51,0.01430294614565275,0.18108646128661252,1.014405722697776
C2015,rapa_hi_cycle,UT,f,31.688636363636366,885.5,92,44,-0.39768654593082875,0.1941300530996978,0.671872595857693
C2015,rapa_hi_start_stop,TJL,m,39.86813186813187,756.5,102,54,0.012963133317341695,0.18761588845180424,1.0130475189699581
C2015,rapa_hi_start_stop,TJL,f,29.094736842105263,926.0,96,48,-0.1469224148438263,0.18082593693260438,0.8633609588127286
C2015,rapa_hi_start_stop,UT,m,41.74615389010989,762.0,99,51,-0.4691793998911819,0.18215317033915313,0.6255153557030695
C2015,rapa_hi_start_stop,UT,f,31.688636363636366,885.5,92,44,-0.18685871299347057,0.18640979885769118,0.8295609342870778
C2016,17aE2_16m,TJL,m,43.58510638297872,696.5,102,54,-0.33956492152081896,0.17365271620852676,0.7120800660886051
C2016,17aE2_16m,UM,m,41.53440860215054,735.5,102,51,-0.35450889553629295,0.1867275069921718,0.7015178771859742
C2016,17aE2_16m,UT,m,41.093939393939394,799.0,99,51,-0.7111742708204214,0.17796285512538473,0.49106721286024835
C2016,17aE2_20m,TJL,m,43.58510638297872,696.5,102,54,-0.4272753810625566,0.17915951968013116,0.6522839008590362
C2016,17aE2_20m,UM,m,41.53440860215054,735.5,102,54,-0.26651613758742354,0.1871931059596439,0.7660436415302109
C2016,17aE2_20m,UT,m,41.093939393939394,799.0,99,51,-0.14449738498455203,0.17815992858497823,0.8654571755840315
C2016,CC,TJL,m,43.58510638297872,696.5,102,54,-0.33299349706490206,0.1752530667952727,0.7167748552809071
C2016,CC,TJL,f,35.1578947368421,882.0,96,48,-0.34320271724374446,0.18568917975464955,0.7094943702379563
C2016,CC,UM,m,41.53440860215054,735.5,102,51,-0.0380097915239107,0.1981638430008742,0.962703514510569
C2016,CC,UM,f,35.22391304347826,858.0,92,44,0.17222049027772093,0.1852808029885582,1.1879397335013666
C2016,CC,UT,m,41.093939393939394,799.0,99,51,0.13263357534588155,0.17742585037778033,1.1418315264442294
C2016,CC,UT,f,31.643965517241377,881.5,116,44,-0.1802692206374419,0.18599905891004734,0.8350453696998921
C2016,Cana,TJL,m,43.58510638297872,696.5,102,54,-0.6032906352812814,0.1773965327551702,0.5470086652481785
C2016,Cana,TJL,f,35.1578947368421,882.0,96,48,-0.2380907408382047,0.18172122601002957,0.7881311721657982
C2016,Cana,UM,m,41.53440860215054,735.5,102,51,-0.6709677254284381,0.20220757038566278,0.5112136239122204
C2016,Cana,UM,f,35.22391304347826,858.0,92,44,-0.2103788693749308,0.18796977324792807,0.8102771985926844
C2016,Cana,UT,m,41.093939393939394,799.0,99,51,-0.3261140745711332,0.17414807194931556,0.7217228525107675
C2016,Cana,UT,f,31.643965517241377,881.5,116,44,0.2623272143352796,0.179200033950324,1.2999518357203772
C2016,GGA,TJL,m,43.58510638297872,696.5,102,54,0.026998786404908458,0.17353984641008258,1.0273665559557232
C2016,GGA,TJL,f,35.1578947368421,882.0,96,48,-0.020581592997030433,0.17818871626838312,0.9796287623668317
C2016,GGA,UM,m,41.53440860215054,735.5,102,51,-0.2126685507281095,0.20790939362166266,0.8084240443761065
C2016,GGA,UM,f,35.22391304347826,858.0,92,44,-0.13459598290840116,0.1875604074995361,0.8740689791674038
C2016,GGA,UT,m,41.093939393939394,799.0,99,51,0.018106827767172387,0.17715159609180328,1.0182717502771115
C2016,GGA,UT,f,31.643965517241377,881.5,116,44,0.022122970462004603,0.17834992824348975,1.0223694979902622
C2016,MIF098,TJL,m,43.58510638297872,696.5,102,54,-0.1662927443339267,0.17863349101824222,0.8467983024958367
C2016,MIF098,TJL,f,35.1578947368421,882.0,96,48,0.05501594398250011,0.1782284378496123,1.056557460274858
C2016,MIF098,UM,m,41.53440860215054,735.5,102,51,0.09157418294096625,0.1879731730328254,1.0958980706190704
C2016,MIF098,UM,f,35.22391304347826,858.0,92,44,0.3228894052661405,0.18763184104567712,1.381112598678709
C2016,MIF098,UT,m,41.093939393939394,799.0,99,51,-0.06070017403443709,0.17391562091306528,0.9411053653044656
C2016,MIF098,UT,f,31.643965517241377,881.5,116,44,0.22188819172344484,0.17854347643875035,1.2484317850543296
C2016,NR,TJL,m,43.58510638297872,696.5,102,54,0.05174736524216333,0.1739177876597685,1.053109656800409
C2016,NR,TJL,f,35.1578947368421,882.0,96,48,-0.38819016495756453,0.18415555659971516,0.6782833452754733
C2016,NR,UM,m,41.53440860215054,735.5,102,51,-0.10720501338222457,0.19187310920061154,0.8983414820845156
C2016,NR,UM,f,35.22391304347826,858.0,92,44,0.4255655152647166,0.18721131975845662,1.5304556710278303
C2016,NR,UT,m,41.093939393939394,799.0,99,51,0.4095230887762229,0.17582126809901388,1.5060993381302783
C2016,NR,UT,f,31.643965517241377,881.5,116,44,0.17103394144261416,0.17846816507025615,1.186531020912821
C2017,BD,TJL,m,44.37755102040816,747.5,102,54,-0.031718287338721236,0.17045010677272612,0.9687794610808314
C2017,BD,TJL,f,32.947916666666664,870.5,96,48,-0.3677437075274577,0.17904997455350083,0.6922945888456028
C2017,BD,UT,m,42.65578947368421,633.0,99,51,-0.4504286609400232,0.17750000449137332,0.6373548839126948
C2017,BD,UT,f,30.47222225555556,819.5,92,44,-0.40789241966747863,0.1920498370789021,0.6650504213195191
C2017,Capt,TJL,m,44.37755102040816,747.5,102,54,-0.2018535953518164,0.1712235312281759,0.8172145631950595
C2017,Capt,TJL,f,32.947916666666664,870.5,96,48,-0.544958920524557,0.187135486183681,0.5798656034254008
C2017,Capt,UT,m,42.65578947368421,633.0,99,51,-0.7103607795104728,0.17943737523135161,0.49146685430089115
C2017,Capt,UT,f,30.47222225555556,819.5,92,44,-0.47461144435611685,0.19734229352203297,0.622126740364337
C2017,Leu,TJL,m,44.37755102040816,747.5,102,54,0.11811505902044289,0.17402130937413762,1.125373588301157
C2017,Leu,TJL,f,32.947916666666664,870.5,96,48,-0.0743468188242202,0.17812502834547575,0.9283496688617328
C2017,Leu,UT,m,42.65578947368421,633.0,99,51,-0.06645963986067761,0.17443719449276807,0.9357006801040536
C2017,Leu,UT,f,30.47222225555556,819.5,92,44,-0.44575569140306087,0.1889769736543909,0.640340193567564
C2017,PB125,TJL,m,44.37755102040816,747.5,102,54,0.1406786091783195,0.17397436055050602,1.1510546501311671
C2017,PB125,TJL,f,32.947916666666664,870.5,96,48,-0.1716640280468986,0.17935228440767403,0.8422621020812083
C2017,PB125,UT,m,42.65578947368421,633.0,99,51,-0.2740646021235206,0.17560633594073397,0.7602829577808032
C2017,PB125,UT,f,30.47222225555556,819.5,92,44,-0.5539578726361815,0.20761762824324156,0.5746708294466425
C2017,RaAc_16,TJL,m,44.37755102040816,747.5,102,54,-0.2515271958808013,0.1789868213657626,0.7776123094705197
C2017,RaAc_16,TJL,f,32.947916666666664,870.5,96,48,-1.167672268108377,0.20496794273309638,0.31109023378171585
C2017,RaAc_16,UT,m,42.65578947368421,633.0,99,51,-0.8399747233135775,0.18448946469031619,0.4317214357785191
C2017,RaAc_16,UT,f,30.47222225555556,819.5,92,44,-1.0626182201060803,0.21548355290602902,0.34554989921643636
C2017,RaAc_9,TJL,m,44.37755102040816,747.5,102,54,-0.6924689502932471,0.18528142378861592,0.5003392301584259
C2017,RaAc_9,TJL,f,32.947916666666664,870.5,96,48,-1.599321596630891,0.22858260163379598,0.20203353174271368
C2017,RaAc_9,UT,m,42.65578947368421,633.0,99,51,-1.2550988926804867,0.20525489869960672,0.2850476577036217
C2017,RaAc_9,UT,f,30.47222225555556,819.5,92,44,-1.9676941644616344,0.2517551113279795,0.13977879181281053
C2017,Sul,TJL,m,44.37755102040816,747.5,102,54,-0.10184550759907603,0.17762397680710992,0.9031690736496848
C2017,Sul,TJL,f,32.947916666666664,870.5,96,48,-0.16284770241456892,0.17890064366494077,0.8497205889546341
C2017,Sul,UT,m,42.65578947368421,633.0,99,51,-0.004949380234800605,0.1749557698235032,0.9950628477655614
C2017,Sul,UT,f,30.47222225555556,819.5,92,44,-0.2475579307095627,0.1867510226898872,0.7807049927067037
C2017,Syr,TJL,m,44.37755102040816,747.5,102,54,0.23570784663952313,0.1743560618483779,1.2658044471182122
C2017,Syr,TJL,f,32.947916666666664,870.5,96,48,-0.19333141054250721,0.1803975363047885,0.8242087773934127
C2017,Syr,UT,m,42.65578947368421,633.0,99,51,-0.3768385906659967,0.1751381572593201,0.6860267960882471
C2017,Syr,UT,f,30.47222225555556,819.5,92,44,-0.17011582764187771,0.18630358523882487,0.8435671025492452
C2018,Fis_Cyc,TJL,m,43.386792452830186,667.0,108,54,-0.22444551223131093,0.17124497754906082,0.7989591090130458
C2018,Fis_Cyc,TJL,f,33.25,905.0,96,48,0.10074787521658722,0.1793899333713154,1.1059977571630613
C2018,Fis_Cyc,UT,m,42.079411745098035,790.0,105,51,0.3779944981017761,0.18102700583193643,1.4593549136315012
C2018,Fis_Cyc,UT,f,31.62872354255319,883.5,96,48,0.07109939817938946,0.18375659181254883,1.0736879431913013
C2018,Fis_On,TJL,m,43.386792452830186,667.0,108,54,-0.11505061149588096,0.17391099888013875,0.891321031674519
C2018,Fis_On,TJL,f,33.25,905.0,96,48,0.3390286693584231,0.17933853772870567,1.4035835844767666
C2018,Fis_On,UT,m,42.079411745098035,790.0,105,51,0.05025978927419401,0.1803150599232244,1.0515442408095936
C2018,Fis_On,UT,f,31.62872354255319,883.5,96,48,-0.2882517182943797,0.17992811368811965,0.749572887281093
C2018,SG1002,TJL,m,43.386792452830186,667.0,108,54,-0.0752974342383906,0.1688761383376993,0.9274675846846067
C2018,SG1002,TJL,f,33.25,905.0,96,48,0.025563117335940428,0.17785051138683167,1.0258926558384103
C2018,SG1002,UT,m,42.079411745098035,790.0,105,51,0.06101869747942151,0.17236728711591848,1.062918787903564
C2018,SG1002,UT,f,31.62872354255319,883.5,96,48,-0.2689509263267881,0.18913501806960162,0.7641807558847433
C2019,Asta,TJL,m,42.4,771.5,108,54,-0.18241924154323608,0.1686405161250775,0.8332519333514319
C2019,Asta,TJL,f,31.66,939.0,100,48,0.030394109226907603,0.17729034083801717,1.030860725629943
C2019,Asta,UT,m,40.30505032323232,791.0,102,51,-0.3299978663161485,0.17512184343557524,0.7189252673895231
C2019,Asta,UT,f,29.596739282608695,877.5,92,44,0.006998541717216707,0.19152626160939565,1.0070230887413452
C2019,DMF_16,TJL,m,42.4,771.5,108,54,-0.08805936202546041,0.17480584313395783,0.915706516916316
C2019,DMF_16,TJL,f,31.66,939.0,100,48,0.2268470467111113,0.17881252908653286,1.2546379522624234
C2019,DMF_16,UT,m,40.30505032323232,791.0,102,51,-0.08380155463156425,0.17413935724415713,0.9196137310745502
C2019,DMF_16,UT,f,29.596739282608695,877.5,92,44,-0.05482803460411798,0.18601821867602655,0.9466479246422259
C2019,DMF_9,TJL,m,42.4,771.5,108,54,0.14506276841770166,0.17176829193193255,1.1561121353200208
C2019,DMF_9,TJL,f,31.66,939.0,100,48,0.12426096241942904,0.1768089912783543,1.1323113231489803
C2019,DMF_9,UT,m,40.30505032323232,791.0,102,51,-0.40588578865217756,0.17751068183443197,0.6663862719530934
C2019,DMF_9,UT,f,29.596739282608695,877.5,92,44,0.09823530304086135,0.1862104913937443,1.1032223461423534
C2019,MPA,TJL,m,42.4,771.5,108,54,-0.12864613002628097,0.17625206644090868,0.8792850630804624
C2019,MPA,TJL,f,31.66,939.0,100,48,0.2657334124081297,0.1782280860356659,1.3043872788685555
C2019,MPA,UT,m,40.30505032323232,791.0,102,51,-0.1256789632196876,0.1755900285291419,0.8818979230118122
C2019,MPA,UT,f,29.596739282608695,877.5,92,44,0.09968512603271215,0.18707854706954447,1.1048229833048175
C2019,Mec,TJL,m,42.4,771.5,108,54,-0.30760023765471456,0.1718244846465176,0.7352091682113919
C2019,Mec,TJL,f,31.66,939.0,100,48,0.09975568120532412,0.17737393647326052,1.1049009370310972
C2019,Mec,UT,m,40.30505032323232,791.0,102,51,0.01767226089965947,0.17333954520620368,1.0178293392478666
C2019,Mec,UT,f,29.596739282608695,877.5,92,44,-0.14214333085651631,0.1861266879358624,0.8674969084997547
C2019,PBA,TJL,m,42.4,771.5,108,54,-0.1448321434630577,0.17144336238006472,0.8651675049442775
C2019,PBA,TJL,f,31.66,939.0,100,48,0.5168237815563625,0.18258610123787494,1.6766936379327664
C2019,PBA,UT,m,40.30505032323232,791.0,102,51,0.0794582743244423,0.1744612061894045,1.0827003821820447
C2019,PBA,UT,f,29.596739282608695,877.5,92,44,0.11025306193132235,0.18564582435847843,1.1165605936897038
C2019,SG1002,TJL,m,42.4,771.5,108,54,-0.21648084728261444,0.1744292954395083,0.805347959376824
C2019,SG1002,TJL,f,31.66,939.0,100,48,0.07367449765065306,0.17755284298815005,1.0764563593898477
C2019,SG1002,UT,m,40.30505032323232,791.0,102,51,-0.028624445822865552,0.177553890685881,0.9717813524908946
C2019,SG1002,UT,f,29.596739282608695,877.5,92,44,0.1668528174319505,0.18525335266071682,1.181580344480161
C2020,AKG_18,TJL,m,39.705882352941174,802.0,102,51,0.10913398961552764,0.1823629558143549,1.115311780526844
C2020,AKG_18,TJL,f,30.380434782608695,928.0,92,44,0.043144522363316805,0.18504453743372842,1.0440887781250734
C2020,AKG_18,UM,m,36.66262626262627,828.5,102,51,-0.10072668261438207,0.18024714387109556,0.9041801272652428
C2020,AKG_18,UM,f,27.29659090909091,879.0,88,44,0.09292880948088966,0.18886807429282246,1.097383609178396
C2020,AKG_18,UT,m,39.16734693877551,821.0,99,51,-0.05129962295599682,0.1785281510873005,0.9499939878790001
C2020,AKG_18,UT,f,29.11086956521739,908.5,92,44,0.04276823971358444,0.18486088557567232,1.0436959795393657
C2020,Cana_16,UM,m,36.66262626262627,828.5,102,51,-0.3066277335598667,0.1794456644718275,0.7359245099180379
C2020,Cana_16,UM,f,27.29659090909091,879.0,88,48,0.43157076074256445,0.18688082272900505,1.5396740847403463
C2020,Cana_16,UT,m,39.16734693877551,821.0,99,51,-0.2711305905402437,0.17457406675549378,0.7625169124073067
C2020,Cana_16,UT,f,29.11086956521739,908.5,92,44,0.12208444337721475,0.18462778637345145,1.1298495060601683
C2020,Cana_6,TJL,m,39.705882352941174,802.0,102,60,-0.3998137213912991,0.17445553499741262,0.6704449239518803
C2020,Cana_6,TJL,f,30.380434782608695,928.0,92,44,-0.02418250608185209,0.18493705958440693,0.9761075479365557
C2020,DNP,TJL,m,39.705882352941174,802.0,102,51,0.020077190845177558,0.18610726460139942,1.0202800932699194
C2020,DNP,TJL,f,30.380434782608695,928.0,92,44,-0.11194738192360969,0.18985356521301439,0.8940913016270696
C2020,DNP,UM,m,36.66262626262627,828.5,102,48,-0.2522797326430591,0.18231703487067236,0.7770273477510641
C2020,DNP,UM,f,27.29659090909091,879.0,88,44,0.22170995671035182,0.18887428887110527,1.2482092906275122
C2020,DNP,UT,m,39.16734693877551,821.0,99,51,0.2553902098221004,0.17766738605650947,1.2909652699304122
C2020,DNP,UT,f,29.11086956521739,908.5,92,44,0.04871289015823307,0.18567073486620048,1.0499188654230787
C2020,HYD_16,TJL,m,39.705882352941174,802.0,102,51,-0.08540968487750719,0.1739929183614381,0.9181360608805392
C2020,HYD_16,TJL,f,30.380434782608695,928.0,92,44,0.05678643554992288,0.1854516675177757,1.0584297432903398
C2020,HYD_16,UM,m,36.66262626262627,828.5,102,51,0.1274172681735667,0.1827118336721408,1.13589089002576
C2020,HYD_16,UM,f,27.29659090909091,879.0,88,44,0.17662156080082525,0.18858318759843,1.1931794617950355
C2020,HYD_16,UT,m,39.16734693877551,821.0,99,51,0.14449896390119385,0.17636912294950027,1.1554604977918903
C2020,HYD_16,UT,f,29.11086956521739,908.5,92,44,0.07698234458571045,0.18753070177707384,1.0800230079706223
C2020,HYD_6,TJL,m,39.705882352941174,802.0,102,51,-0.1124021465869433,0.1737207618054616,0.8936847929371953
C2020,HYD_6,TJL,f,30.380434782608695,928.0,92,44,0.30531698875627833,0.1859708998809283,1.357055106043975
C2020,HYD_6,UM,m,36.66262626262627,828.5,102,51,-0.37931871115139143,0.18025107789834172,0.6843274751091679
C2020,HYD_6,UM,f,27.29659090909091,879.0,88,44,0.10101294373487511,0.18935914001879747,1.1062909612076464
C2020,HYD_6,UT,m,39.16734693877551,821.0,99,51,0.279697876929832,0.17662131081832622,1.3227301246767746
C2020,HYD_6,UT,f,29.11086956521739,908.5,92,44,0.09234157762699793,0.18530790146585613,1.096739379741684
C2020,NEBI,TJL,m,39.705882352941174,802.0,102,48,0.030891164221158007,0.17790948259503714,1.0313732474672113
C2020,NEBI,TJL,f,30.380434782608695,928.0,92,44,0.3062045207949641,0.18604309572603878,1.3582600705720662
C2020,NEBI,UM,m,36.66262626262627,828.5,102,51,-0.099038759744617,0.18028998158067935,0.9057076023478448
C2020,NEBI,UM,f,27.29659090909091,879.0,88,44,0.16404322761961684,0.1937860999176434,1.1782652475937996
C2020,NEBI,UT,m,39.16734693877551,821.0,99,51,0.36588591169178675,0.17837911312509505,1.4417907418043527
C2020,NEBI,UT,f,29.11086956521739,908.5,92,44,0.28874974954349475,0.1862351783594909,1.3347576630157347
C2020,OH-EST,TJL,m,39.705882352941174,802.0,102,54,-0.1712697926630722,0.1772359828882588,0.8425942170657424
C2020,OH-EST,TJL,f,30.380434782608695,928.0,92,48,0.13081117877388965,0.1787127123613016,1.1397525515184128
C2020,OH-EST,UM,m,36.66262626262627,828.5,102,51,-0.5139674310433267,0.17649855447954466,0.59811787382066
C2020,OH-EST,UM,f,27.29659090909091,879.0,88,44,0.7086045064093032,0.19663125689109426,2.0311548164605293
C2020,OH-EST,UT,m,39.16734693877551,821.0,99,51,-0.364293338761127,0.17550500570183858,0.6946873861146734
C2020,OH-EST,UT,f,29.11086956521739,908.5,92,44,0.23426788116835617,0.18521963056150767,1.263983044114553
C2020,THIO,TJL,m,39.705882352941174,802.0,102,49,-0.19369396759366317,0.18025183396888764,0.8239100088531373
C2020,THIO,TJL,f,30.380434782608695,928.0,92,44,0.0600058588050493,0.18505993957286337,1.0618427676569042
C2020,THIO,UM,m,36.66262626262627,828.5,102,51,-0.23737032985966672,0.1761345839443131,0.7886991550807534
C2020,THIO,UM,f,27.29659090909091,879.0,88,44,0.09635611785002951,0.18997255275164446,1.1011511337526252
C2020,THIO,UT,m,39.16734693877551,821.0,99,51,-0.025829136519069682,0.1756567955804999,0.9745015821170921
C2020,THIO,UT,f,29.11086956521739,908.5,92,44,0.026210889344679984,0.18575419674299518,1.026557415667994
C2021,2BA,TJL,m,41.34313725490196,692.5,102,51,0.006220247740095704,0.17632884865684714,1.006239633655291
C2021,2BA,TJL,f,29.645833333333332,892.5,96,48,-0.1736951549003774,0.1801374106236178,0.8405530970984986
C2021,2BA,UM,m,39.32941176470588,866.5,102,51,0.29896483303730076,0.17529895935624795,1.3484622013191339
C2021,2BA,UM,f,29.549473684210525,888.0,96,48,0.4543890390465351,0.18242334894353832,1.5752106967528763
C2021,2BA,UT,m,39.063725490196084,783.0,102,51,0.19944351543501374,0.17284459040547429,1.2207232554615393
C2021,2BA,UT,f,28.950000000000003,848.5,96,48,0.027805421361418704,0.1775533880116894,1.0281956000559305
C2021,DCA,TJL,m,41.34313725490196,692.5,102,51,-0.15392091378491413,0.1781095942749699,0.8573398220919284
C2021,DCA,TJL,f,29.645833333333332,892.5,96,48,0.08411604711242765,0.18083848752135429,1.0877551173251412
C2021,DCA,UM,m,39.32941176470588,866.5,102,54,-0.13095614636089065,0.17271541975094848,0.8772562444262614
C2021,DCA,UM,f,29.549473684210525,888.0,96,48,0.046633741606399444,0.18040255362441282,1.0477381958880048
C2021,DCA,UT,m,39.063725490196084,783.0,102,51,-0.0277885681398114,0.172981132082356,0.9725939824185457
C2021,DCA,UT,f,28.950000000000003,848.5,96,48,-0.06959883487486121,0.17918559747532686,0.9327679388261038
C2021,Epi,TJL,m,41.34313725490196,692.5,102,51,-0.37490923998288983,0.18943680544509545,0.6873516600084922
C2021,Epi,TJL,f,29.645833333333332,892.5,96,48,0.14427509299228045,0.17886616869183677,1.1552018527526662
C2021,Epi,UM,m,39.32941176470588,866.5,102,51,-0.16593245589937117,0.1800900278652835,0.8471034490977221
C2021,Epi,UM,f,29.549473684210525,888.0,96,48,-0.1074608396978177,0.18159606579610213,0.8981116920874269
C2021,Epi,UT,m,39.063725490196084,783.0,102,51,-0.13566810204885282,0.17300710684314996,0.8731323752499709
C2021,Epi,UT,f,28.950000000000003,848.5,96,48,0.14141689728182227,0.17820494455434002,1.1519047738653454
C2021,For,TJL,m,41.34313725490196,692.5,102,51,-0.3059361579323612,0.17847151291082,0.7364336334011855
C2021,For,TJL,f,29.645833333333332,892.5,96,48,0.03741527124261288,0.1792221534059185,1.038124034395945
C2021,For,UM,m,39.32941176470588,866.5,102,54,0.002673252422282735,0.1772206406496673,1.0026768287476362
C2021,For,UM,f,29.549473684210525,888.0,96,48,0.19665643436305244,0.17975256785116278,1.2173257375603321
C2021,For,UT,m,39.063725490196084,783.0,102,51,-0.1060171406799669,0.17262532593640306,0.8994092314580031
C2021,For,UT,f,28.950000000000003,848.5,96,48,-0.20856315726325142,0.1783803717251182,0.8117497651899254
C2021,Hal,TJL,m,41.34313725490196,692.5,102,51,-0.3347887996550121,0.178375358198391,0.715489181958341
C2021,Hal,TJL,f,29.645833333333332,892.5,96,48,-0.0063463722620520175,0.17800741723630584,0.99367372342435
C2021,Hal,UM,m,39.32941176470588,866.5,102,57,-0.24083013041790666,0.17176975220040305,0.785975128315649
C2021,Hal,UM,f,29.549473684210525,888.0,96,48,0.1486153059532908,0.1809547142137829,1.160226571092662
C2021,Hal,UT,m,39.063725490196084,783.0,102,51,-0.36512213176018216,0.17908025166451164,0.6941118725962603
C2021,Hal,UT,f,28.950000000000003,848.5,96,48,-0.030008076661526054,0.17764823490901865,0.9704376956200564
C2021,M160,TJL,m,41.34313725490196,692.5,102,51,-0.4966888002444318,0.1766278306635221,0.6085423325721534
C2021,M160,TJL,f,29.645833333333332,892.5,96,48,-0.01900407871124362,0.17958888667228856,0.9811753603036706
C2021,M160,UM,m,39.32941176470588,866.5,102,51,-0.09210811756776936,0.17602305958669004,0.9120065402855644
C2021,M160,UM,f,29.549473684210525,888.0,96,48,0.47381482303225686,0.18209532460668795,1.6061095449931981
C2021,M160,UT,m,39.063725490196084,783.0,102,51,-0.14925011810636737,0.17606953863151223,0.8613536478106685
C2021,M160,UT,f,28.950000000000003,848.5,96,48,0.14847245367875786,0.17811242177961886,1.160060841925684
