cohort,group,init,weight_age,post_dosing,n_tx,diff_g,pct,p
C2004,4-OH-PBN,4.0,6,True,94,1.1624868082609632,3.55078913929121,0.06274780125633603
C2004,4-OH-PBN,4.0,12,True,92,1.4029466116015832,3.713091877756092,0.050698265509839205
C2004,4-OH-PBN,4.0,18,True,87,0.8640430542044613,2.246324969332277,0.20655182413917467
C2004,Aspirin,4.0,6,True,100,1.1726644875701795,3.5818766259599117,0.12884516666920315
C2004,Aspirin,4.0,12,True,97,1.4395688961431112,3.810017809328632,0.09020990400286016
C2004,Aspirin,4.0,18,True,94,0.9049579653602025,2.35269488469694,0.27840949312496677
C2004,NDGA,9.0,6,False,64,-3.2752631187442516,-10.004215641600135,0.004799338616520425
C2004,NDGA,9.0,12,True,100,-0.9580571151716802,-2.535630410560938,0.3333334261168617
C2004,NDGA,9.0,18,True,99,-1.3980014028353775,-3.6345011317081264,0.13682593096096224
C2004,NFP,4.0,6,True,97,2.002784632647155,6.117459459674506,0.0067552678707983455
C2004,NFP,4.0,12,True,95,1.5032767943417753,3.978629556485799,0.0709258971670341
C2004,NFP,4.0,18,True,90,2.0137355599610127,5.235276700577847,0.01810804378285647
C2005,CAPE_hi,4.0,6,True,277,0.003752497717392491,0.010710838950985895,0.8994255220192525
C2005,CAPE_hi,4.0,12,True,178,-1.0273469020253694,-2.3468208492511056,0.12435574922878265
C2005,CAPE_hi,4.0,18,True,250,0.8345385394049945,1.9606307094793336,0.22683177121107498
C2005,CAPE_hi,4.0,24,True,131,1.9961238262719256,4.76306413225095,0.02118684455288774
C2005,CAPE_lo,4.0,6,True,286,0.6887061508312006,1.965789514518933,0.19590627272950317
C2005,CAPE_lo,4.0,12,True,178,-0.2111798906020412,-0.4824089791193038,0.9030695498329747
C2005,CAPE_lo,4.0,18,True,243,-0.5108676816973785,-1.2002116354393007,0.5304055797268679
C2005,CAPE_lo,4.0,24,True,133,1.69291666206093,4.039564342564967,0.06343828484071827
C2005,Enal,4.0,6,True,278,-0.638679517652864,-1.8229973660388155,0.27878453274386433
C2005,Enal,4.0,12,True,163,-2.0097496323858866,-4.590973438241286,0.021679789652735974
C2005,Enal,4.0,18,True,250,-1.3711707990449973,-3.2213725904925523,0.03468715391814179
C2005,Enal,4.0,24,True,124,-1.3768963724781045,-3.285490428630099,0.14640383524980918
C2005,Rapa,20.0,6,False,275,-1.6147514098375217,-4.609021403659955,0.0015673038435472745
C2005,Rapa,20.0,12,False,181,-2.261557018076346,-5.166189873477289,0.0017580624906041538
C2005,Rapa,20.0,18,False,243,-3.172423710133603,-7.453162503439301,6.62658222980605e-07
C2005,Rapa,20.0,24,True,139,-0.9693385583380946,-2.3129936422085775,0.2567340411014982
C2006,Rapa,9.0,6,False,167,-0.05676766876528284,-0.1716838049381797,0.7377433022264793
C2006,Rapa,9.0,12,True,192,-0.8460171235702544,-2.135566633031407,0.06544307841343772
C2006,Rapa,9.0,18,True,166,-2.6325574553765665,-6.121247962296551,6.292149504674075e-05
C2006,Res_hi,12.0,6,False,179,0.5953586250860898,1.80055718828555,0.8395267306347384
C2006,Res_hi,12.0,12,True,191,0.012962093715223163,0.032719686234764477,0.5176263279322182
C2006,Res_hi,12.0,18,True,174,1.8925172753661734,4.40049940478474,0.045343164091521275
C2006,Res_lo,12.0,6,False,190,0.3560142359171081,1.0767022843077876,0.7729834955247786
C2006,Res_lo,12.0,12,True,197,-0.42779323109385253,-1.0798610627469887,0.3354308031289707
C2006,Res_lo,12.0,18,True,182,0.0032667701158062327,0.007595925351536079,0.8040621844338972
C2006,Sim_hi,10.0,6,False,186,0.5315546502867445,1.6075933163847456,0.4732650228347575
C2006,Sim_hi,10.0,12,True,207,-0.11405401350384173,-0.28790190980323765,0.5937670300263204
C2006,Sim_hi,10.0,18,True,182,0.24463194370232336,0.5688205527450844,0.8166411684713659
C2006,Sim_lo,10.0,6,False,183,0.18743871810582782,0.5668753538250578,0.7965918040921679
C2006,Sim_lo,10.0,12,True,205,0.12655503151028447,0.31945772136981876,0.9095424020155599
C2006,Sim_lo,10.0,18,True,186,1.4317814895837744,3.3291921160804967,0.051377626737013876
C2007,Cur,4.0,6,True,183,-0.7661489377336754,-2.213895267182956,0.5118192244222295
C2007,Cur,4.0,12,True,173,-2.606792188888239,-5.91318003842033,0.0005452628005791493
C2007,Cur,4.0,18,True,164,-2.5820222608230767,-5.62966387156356,0.002003135080866909
C2007,Cur,4.0,24,True,132,-1.388721082644632,-3.2569511494459555,0.09490396130655845
C2007,GTE,4.0,6,True,178,0.10697951021465499,0.30913236276274125,0.3811529369097093
C2007,GTE,4.0,12,True,176,-1.1199325278117622,-2.5404260055952066,0.20875865837727522
C2007,GTE,4.0,18,True,161,0.5986165332392581,1.3051823453386544,0.41899460428804064
C2007,GTE,4.0,24,True,142,2.469324206017921,5.791276888969665,0.015466228349186994
C2007,MCTO,4.0,6,True,189,0.15059877123363985,0.43517636122289083,0.3959467871540415
C2007,MCTO,4.0,12,True,182,-1.871856626799732,-4.246071201056347,0.02813644573582815
C2007,MCTO,4.0,18,True,165,-3.747217703089663,-8.170175928399075,5.656771566168225e-06
C2007,MCTO,4.0,24,True,137,-1.934167556536172,-4.536180321022443,0.021353373857733886
C2007,OAA,4.0,6,True,185,0.23212617237454952,0.6707612699033076,0.3356530942123635
C2007,OAA,4.0,12,True,182,-0.8709712086986565,-1.9756885827988524,0.2965635048319418
C2007,OAA,4.0,18,True,167,0.0656295940911768,0.14309425614429125,0.8368730964161338
C2007,OAA,4.0,24,True,136,0.4566124104277982,1.0708876919777168,0.6698401571018088
C2007,Res,4.0,6,True,188,-0.17006623631116105,-0.49143034354473997,0.6515656019433583
C2007,Res,4.0,12,True,182,-1.4191092861403998,-3.2190708330767155,0.11105124950228483
C2007,Res,4.0,18,True,172,-0.664314934472206,-1.448426623845654,0.49395452548391294
C2007,Res,4.0,24,True,142,0.12855315198463083,0.30149418868467304,0.9611567252734613
C2009,17aE2,10.0,6,False,276,-0.1725084343625792,-0.4647805457989897,0.44088198064236944
C2009,17aE2,10.0,12,True,264,-3.1692996720745943,-7.315644283864903,3.052573209358008e-08
C2009,17aE2,10.0,18,True,257,-3.6925473312069155,-8.105667731683582,1.619127273439843e-08
C2009,17aE2,10.0,24,True,218,-3.011505741842434,-7.013750649252236,9.305926188160376e-06
C2009,ACA,4.0,6,True,282,-5.67899434541271,-15.300620524458584,3.184077578803945e-31
C2009,ACA,4.0,12,True,281,-7.243020863621677,-16.718950450079436,3.45255635751621e-35
C2009,ACA,4.0,18,True,270,-7.250494134853179,-15.915868119266971,5.460913024378323e-31
C2009,ACA,4.0,24,True,239,-6.423239237293132,-14.959625593575996,3.818149456662776e-23
C2009,MB,4.0,6,True,281,1.7262413633056215,4.650922756226811,0.015572032936082943
C2009,MB,4.0,12,True,270,2.113799454991671,4.879249834403985,0.0023221600120116918
C2009,MB,4.0,18,True,249,1.3313869869750772,2.9225842137492655,0.07064193618542687
C2009,MB,4.0,24,True,198,0.9543614847443471,2.222693249507745,0.22764276624454982
C2009,Rapa_hi,9.0,6,False,240,0.2586066920859089,0.696750625203245,0.7570347230256796
C2009,Rapa_hi,9.0,12,True,229,-1.59635018779052,-3.6848298787447433,0.0037688139613226497
C2009,Rapa_hi,9.0,18,True,220,-6.917848857478019,-15.18566431981141,2.201565044031132e-29
C2009,Rapa_hi,9.0,24,True,199,-8.235037819617853,-19.1792766825757,1.6209033634528342e-32
C2009,Rapa_lo,9.0,6,False,263,-1.2424456530157761,-3.3474570148873783,0.05946402118944326
C2009,Rapa_lo,9.0,12,True,252,-0.3913506686033337,-0.9033485558279835,0.6257253621122957
C2009,Rapa_lo,9.0,18,True,230,-1.587216514687252,-3.4841664932946554,0.008137346396332493
C2009,Rapa_lo,9.0,24,True,194,-0.6623256894639914,-1.542546364747246,0.3572855248112787
C2009,Rapa_mid,9.0,6,False,254,-0.6618478912781888,-1.7831825167321504,0.23864504129522743
C2009,Rapa_mid,9.0,12,True,247,-0.5283156508099668,-1.2195026570000325,0.3897506357712278
C2009,Rapa_mid,9.0,18,True,232,-3.167891689097803,-6.953973812272245,8.751108311748279e-08
C2009,Rapa_mid,9.0,24,True,197,-2.8449234110236055,-6.625782957641691,2.340276023223542e-05
C2010,FO_hi,9.0,6,False,290,-0.19963114913474614,-0.5735292655138731,0.9229763907465257
C2010,FO_hi,9.0,12,True,274,0.854270477120995,2.0058066749834618,0.09220237279489145
C2010,FO_hi,9.0,18,True,243,2.038897488633576,4.53001186300644,0.0037782959010818976
C2010,FO_hi,9.0,24,True,183,1.9458342106582458,4.653427041640993,0.020434215668284034
C2010,FO_lo,9.0,6,False,287,-0.08437111502999617,-0.24239355352845565,0.7900106758516348
C2010,FO_lo,9.0,12,True,271,0.8181125169825226,1.9209086482554916,0.09588254883765976
C2010,FO_lo,9.0,18,True,234,0.7491956133864338,1.6645589272011045,0.24770708705941166
C2010,FO_lo,9.0,24,True,195,1.2347968419195479,2.952994136729422,0.1252721350705039
C2010,ND_hi,6.0,6,True,288,-0.1334576426696407,-0.38341643630908556,0.9783452957158003
C2010,ND_hi,6.0,12,True,284,-4.0737162594521665,-9.564988471491446,8.248676520329744e-11
C2010,ND_hi,6.0,18,True,261,-5.471023943695941,-12.155492615935511,1.749824898913004e-16
C2010,ND_hi,6.0,24,True,211,-5.926945410670027,-14.174181899603761,1.7372565022620154e-19
C2010,ND_lo,6.0,6,True,152,-0.2666073968705476,-0.7659483260526755,6.480567447010775e-13
C2010,ND_lo,6.0,12,True,139,-0.5009295934039244,-1.1761707199955502,6.356278945461063e-06
C2010,ND_lo,6.0,18,True,121,0.6927624732170229,1.5391760691323242,0.08927468218578938
C2010,ND_lo,6.0,24,True,89,-0.2553441011235904,-0.6106507628366085,0.7825626128900535
C2010,ND_mid,6.0,6,True,149,0.7851940867041591,2.2558192435655915,2.1069731402736874e-18
C2010,ND_mid,6.0,12,True,144,-0.5353620474406924,-1.2570172996125448,4.214626129041022e-06
C2010,ND_mid,6.0,18,True,126,-0.1900264550264552,-0.42219979197277147,0.7179159998086616
C2010,ND_mid,6.0,24,True,104,-0.25754807692307935,-0.6159215307819386,0.7581054753237733
C2011,17aE2,10.0,6,False,251,0.6460395131421344,1.8679014744835505,0.05048335935741474
C2011,17aE2,10.0,12,True,274,-5.737817043043113,-13.646314232731617,9.023878666905851e-24
C2011,17aE2,10.0,18,True,263,-5.368371159714801,-12.291038710870842,3.3765672662903876e-17
C2011,17aE2,10.0,24,True,222,-4.965318869165015,-12.025766836603008,2.258845288251495e-14
C2011,Met,9.0,6,False,275,0.3355812520186163,0.9702699334997188,0.1620641471143191
C2011,Met,9.0,12,True,287,0.6850808306409909,1.6293353760874716,0.183685623172577
C2011,Met,9.0,18,True,257,1.278376077107909,2.926878448475098,0.03619089041871913
C2011,Met,9.0,24,True,214,0.02863907001218167,0.06936246945235214,0.9970850781772042
C2011,MetRapa,9.0,6,False,294,0.06196879420524951,0.17917108739212192,0.3994181056889669
C2011,MetRapa,9.0,12,True,287,-1.9727588906133582,-4.691834459825706,0.0008263951591820846
C2011,MetRapa,9.0,18,True,278,-3.9419677783737974,-9.025247532171726,5.3683626297347696e-11
C2011,MetRapa,9.0,24,True,253,-2.874118290749478,-6.960978204241997,2.465459050391585e-06
C2011,Prot,,6,False,259,-0.3409755389065707,-0.9858664972188491,0.6234834479328774
C2011,Prot,,12,False,277,-1.1431272979651605,-2.718712395153795,0.09990043060473211
C2011,Prot,,18,False,258,-1.883668498232633,-4.312712690948741,0.003349910985384733
C2011,Prot,,24,False,203,-0.19974216764667335,-0.4837660579008292,0.6953684017845326
C2011,UDCA,5.0,6,True,286,-0.2755695854128464,-0.7967575116450034,0.8583663382926005
C2011,UDCA,5.0,12,True,268,-2.8441469873292893,-6.764266483580315,7.341534068476461e-06
C2011,UDCA,5.0,18,True,250,-4.2762354042730735,-9.790562784691852,1.1068877655967338e-08
C2011,UDCA,5.0,24,True,199,-3.5430993951287686,-8.581218714739444,2.070437468739336e-06
C2013,ACA_hi,8.0,6,False,316,0.7595502350029255,2.0825368585852786,0.11375334872864894
C2013,ACA_hi,8.0,12,True,312,-7.285803879472046,-17.206004579884674,4.203482363232558e-45
C2013,ACA_hi,8.0,18,True,308,-8.281646871919538,-19.066690641683923,6.270675488839266e-55
C2013,ACA_hi,8.0,24,True,273,-6.9996171475583235,-17.146118594492503,3.8278093397812e-37
C2013,ACA_lo,8.0,6,False,301,0.10261673092165183,0.28135482632171716,0.5456594674181667
C2013,ACA_lo,8.0,12,True,296,-2.9501145981199084,-6.966929953941335,6.463942733367008e-07
C2013,ACA_lo,8.0,18,True,280,-2.467536056426999,-5.680965074062557,0.00014551478086797604
C2013,ACA_lo,8.0,24,True,229,-2.8582096069868976,-7.001411628121738,2.3356923875236704e-05
C2013,ACA_mid,8.0,6,False,301,-0.6094309479079509,-1.6709393971499253,0.3255631561107379
C2013,ACA_mid,8.0,12,True,300,-5.846810477938134,-13.807707361512325,2.7923589373482864e-27
C2013,ACA_mid,8.0,18,True,290,-6.917982237694719,-15.927149422179692,7.825581753226267e-35
C2013,ACA_mid,8.0,24,True,256,-5.730425614137699,-14.037133046797662,2.0259351754443877e-22
C2014,Asp_200,11.0,6,False,191,0.23456063966247323,0.6133114556627022,0.5156735566398192
C2014,Asp_200,11.0,12,True,185,0.9094230408214944,2.114168220679566,0.11087607688625704
C2014,Asp_200,11.0,18,True,167,0.7163541924607688,1.603437218242089,0.30739018772449606
C2014,Asp_200,11.0,24,True,137,0.038272647792099254,0.09016347491362318,0.925982884581639
C2014,Asp_60,11.0,6,False,194,0.15419231191051022,0.40317041855749214,0.4480539481998698
C2014,Asp_60,11.0,12,True,185,0.7073092812212576,1.6443071457689262,0.1551430455258295
C2014,Asp_60,11.0,18,True,169,0.8057456237081768,1.8035247578454434,0.20007567804303394
C2014,Asp_60,11.0,24,True,119,0.22364329767467414,0.5268633873732942,0.765588598624921
C2014,Gly,9.0,6,False,190,-0.24015389361702427,-0.6279362739173469,0.7398140846673567
C2014,Gly,9.0,12,True,182,-2.1700646469711984,-5.044826783036454,0.00733445535109576
C2014,Gly,9.0,18,True,167,-2.2953848929851195,-5.13782931172632,0.0045816013338544695
C2014,Gly,9.0,24,True,140,-1.5883083574283643,-3.741768834965558,0.06796265405652302
C2014,Inu,11.0,6,False,193,0.45382824013339157,1.1866358267848096,0.24856988453071213
C2014,Inu,11.0,12,True,188,1.1195910596941288,2.6027533197576993,0.04448506555124619
C2014,Inu,11.0,18,True,170,1.3830656245546007,3.095757547065011,0.060679253252891606
C2014,Inu,11.0,24,True,139,0.35494634221421173,0.8361897456313412,0.7042261417490043
C2014,TM,11.0,6,False,191,-0.09318802525899568,-0.24366101450000052,0.8744011898750151
C2014,TM,11.0,12,True,184,1.374619237292402,3.1956264318893775,0.02345566061590235
C2014,TM,11.0,18,True,169,1.9313475855123818,4.3229936148410895,0.007717552920553696
C2014,TM,11.0,24,True,136,0.5790165098337352,1.3640587618227114,0.49483540132977744
C2015,DMAG,6.0,6,True,193,-0.06418485581212664,-0.180495954113844,0.5764462673432618
C2015,DMAG,6.0,12,True,178,0.20260029085104198,0.476954879447849,0.3242358982274091
C2015,DMAG,6.0,18,True,169,0.04539772282954193,0.10144344167019514,0.7210462124388389
C2015,DMAG,6.0,24,True,115,-0.27676350741167743,-0.6848637810579787,0.7685039752743368
C2015,Min,6.0,6,True,196,-0.19785199008329638,-0.5563848866146444,0.7678443229891851
C2015,Min,6.0,12,True,180,-0.5720967038577054,-1.3468110695930933,0.8074142390421385
C2015,Min,6.0,18,True,168,-1.391265160579764,-3.1088503424494798,0.1093364535985675
C2015,Min,6.0,24,True,114,-0.3559257328698762,-0.8807542781516672,0.7236977827005678
C2015,MitoQ,7.0,6,False,189,0.22770423531168693,0.6403331858943132,0.5672959465555845
C2015,MitoQ,7.0,12,True,182,0.2300259220839342,0.5415193901083133,0.45187362221239286
C2015,MitoQ,7.0,18,True,170,-0.893405270987039,-1.9963579634933213,0.3304574842587886
C2015,MitoQ,7.0,24,True,113,-0.419275686126213,-1.0375165945521654,0.6589208300023444
C2015,bGPA,6.0,6,True,191,-0.21611612190750534,-0.6077459414609931,0.9879189849086614
C2015,bGPA,6.0,12,True,181,-2.9687046870479983,-6.988826028726108,0.0005553060636533712
C2015,bGPA,6.0,18,True,167,-4.421181713251461,-9.879347713663362,1.923098388114449e-07
C2015,bGPA,6.0,24,True,110,-5.00022565372764,-12.373283889126371,9.846383517807329e-07
C2015,rapa_hi_continuous,20.0,6,False,189,-0.6297829359919581,-1.7710294816150352,0.5158165529766864
C2015,rapa_hi_continuous,20.0,12,False,180,-0.5610492199558457,-1.3208034497102197,0.5931269504310911
C2015,rapa_hi_continuous,20.0,18,False,174,-0.2566758995551646,-0.5735549058801094,0.9316920430827623
C2015,rapa_hi_continuous,20.0,24,True,132,-4.4800254056434525,-11.086024914335667,4.116662042431451e-08
C2015,rapa_hi_cycle,20.0,6,False,188,-0.4891061902985971,-1.375428632874693,0.7667513243497286
C2015,rapa_hi_cycle,20.0,12,False,178,-0.9945558039646762,-2.341350259624719,0.26027008903671434
C2015,rapa_hi_cycle,20.0,18,False,159,-0.4454968823686164,-0.9954846671605738,0.6720831949650959
C2015,rapa_hi_cycle,20.0,24,True,122,-3.182729878600016,-7.875808624949661,0.00028626828974960593
C2015,rapa_hi_start_stop,20.0,6,False,181,-0.8024137969386791,-2.256489354692848,0.24630941323236885
C2015,rapa_hi_start_stop,20.0,12,False,172,0.2232321942715351,0.5255258216087169,0.5538534225939897
C2015,rapa_hi_start_stop,20.0,18,False,162,-0.15815759189509362,-0.353410908039379,0.9619516967582958
C2015,rapa_hi_start_stop,20.0,24,True,121,-3.8666665647301732,-9.568240800159188,1.7871217610155815e-05
C2016,17aE2_16m,16.0,6,False,156,0.3177738927739,0.840101901064338,1.9730722140955078e-18
C2016,17aE2_16m,16.0,12,False,147,-3.5744738044471522,-8.11942267425762,0.5163044750650662
C2016,17aE2_16m,16.0,18,True,137,-10.025384870603837,-21.719426659831477,3.0703839836506293e-53
C2016,17aE2_16m,16.0,24,True,120,-7.694074074074073,-17.373285586047395,5.404282187791814e-36
C2016,17aE2_20m,20.0,6,False,153,0.7237945061474491,1.9135025073536756,5.5925674258973746e-24
C2016,17aE2_20m,20.0,12,False,141,-3.7468431777283797,-8.510959967390374,0.344222065436017
C2016,17aE2_20m,20.0,18,False,126,-1.9600216450216335,-4.246275521606539,0.07166413481040335
C2016,17aE2_20m,20.0,24,True,102,-7.661328976034859,-17.299346872395635,5.060636223192749e-31
C2016,CC,8.0,6,False,285,-0.15992711821789338,-0.42280086282037216,0.7750234788661362
C2016,CC,8.0,12,True,271,-1.7926799988545812,-4.0720753393908975,0.007184152826321641
C2016,CC,8.0,18,True,260,-1.7640617068117042,-3.821739450308628,0.00998752297365578
C2016,CC,8.0,24,True,203,-2.422983139616,-5.4711168165861945,0.0010336766254840032
C2016,Cana,7.0,6,False,287,-0.02784361255744747,-0.07361042670252907,0.5580579347158683
C2016,Cana,7.0,12,True,277,-5.272776320879506,-11.977119419024323,6.5776692488277566e-18
C2016,Cana,7.0,18,True,270,-5.367978363885771,-11.629420106138719,6.237970813347098e-18
C2016,Cana,7.0,24,True,223,-3.8064294576824245,-8.594950528783226,2.4797171389287894e-09
C2016,GGA,9.0,6,False,282,0.3836475300557899,1.0142526704288743,0.20070469130518498
C2016,GGA,9.0,12,True,265,-0.9622312324168638,-2.1857097054800496,0.16074556573518392
C2016,GGA,9.0,18,True,244,-0.5169808053209661,-1.1200095388490592,0.47161375538607425
C2016,GGA,9.0,24,True,201,-2.3405759871665643,-5.285040755964269,0.0020387728913859393
C2016,MIF098,8.0,6,False,284,-0.2986735374512507,-0.7896061077268434,0.9901431419409379
C2016,MIF098,8.0,12,True,269,-0.7101107213871973,-1.6130175818581494,0.32597531727895185
C2016,MIF098,8.0,18,True,256,-1.4835124684343444,-3.2139454667304563,0.015092226669098019
C2016,MIF098,8.0,24,True,201,-1.9653150370153611,-4.43769829558473,0.0035396812813319302
C2016,NR,8.0,6,False,284,0.6038975457675759,1.5965297583725797,0.05283027824393316
C2016,NR,8.0,12,True,275,-0.6236293143163659,-1.4165749343839948,0.5183730364221458
C2016,NR,8.0,18,True,251,-1.0437402578239197,-2.2612039611756893,0.10676324477438907
C2016,NR,8.0,24,True,188,-0.3152632920780633,-0.7118672312404016,0.6459433488888948
C2017,BD,6.0,6,True,193,0.17297786299567422,0.45823391716955236,0.5791857838935184
C2017,BD,6.0,12,True,189,-1.4711617314770524,-3.2803328133245317,0.15596539482535648
C2017,BD,6.0,18,True,174,-1.4057242498530607,-3.0644687822124657,0.10005442732659796
C2017,BD,6.0,24,True,145,0.6953575762618672,1.6040865645844233,0.46639855862374396
C2017,Capt,5.0,6,True,193,-1.2329297607972105,-3.2661418293689612,0.24225122585989833
C2017,Capt,5.0,12,True,190,-4.516109002217922,-10.069824568949398,4.263702779502648e-07
C2017,Capt,5.0,18,True,175,-3.708105585576301,-8.083643580406365,2.3641257068665945e-05
C2017,Capt,5.0,24,True,148,-2.519447645123385,-5.811991205218875,0.006032169181973257
C2017,Leu,5.0,6,True,193,-0.18515667173311623,-0.4904966769098341,0.9781350053761442
C2017,Leu,5.0,12,True,174,-1.5865613490802628,-3.5376458905814077,0.062319952932123404
C2017,Leu,5.0,18,True,160,-0.8183930647816062,-1.7840910113520267,0.3474030999627027
C2017,Leu,5.0,24,True,125,-1.3721333638840552,-3.165307704931875,0.19033747766903086
C2017,PB125,5.0,6,True,185,-0.3811637260151459,-1.0097369931043154,0.8772427477256949
C2017,PB125,5.0,12,True,173,-2.1281709458406626,-4.745303549322187,0.027615422257896358
C2017,PB125,5.0,18,True,144,-0.8234730945983263,-1.7951654399162877,0.3923879485180037
C2017,PB125,5.0,24,True,105,-0.7156726610766049,-1.6509504454454,0.49165688979329125
C2017,RaAc_16,16.0,6,False,196,-0.3189053616441323,-0.8448089862008407,0.9921804617527384
C2017,RaAc_16,16.0,12,False,181,-1.0202703900801868,-2.2749547975824718,0.35903265450107663
C2017,RaAc_16,16.0,18,True,165,-5.545677535145489,-12.089537250600005,3.827216397360473e-14
C2017,RaAc_16,16.0,24,True,141,-6.15999081606537,-14.210183139347453,1.644036013773932e-15
C2017,RaAc_9,9.0,6,False,193,-0.5600795400993612,-1.4837010767826968,0.711550411138673
C2017,RaAc_9,9.0,12,True,182,-6.163941867810286,-13.744091037565422,1.0362094451312134e-15
C2017,RaAc_9,9.0,18,True,175,-7.608896822755679,-16.587340499281936,1.2826085704820983e-24
C2017,RaAc_9,9.0,24,True,157,-6.794198325810026,-15.673205590341544,4.024192507255432e-18
C2017,Sul,5.0,6,True,191,-0.08416290061544239,-0.22295509356784193,0.9745677914980593
C2017,Sul,5.0,12,True,180,-0.25283495085469965,-0.5637604404046473,0.959478670902297
C2017,Sul,5.0,18,True,161,0.1566698883752109,0.3415392329532132,0.7929135898907426
C2017,Sul,5.0,24,True,119,0.26689196571672297,0.6156800918215571,0.7683681503723353
C2017,Syr,5.0,6,True,197,-1.0809920553217185,-2.8636451818787005,0.25847000614256227
C2017,Syr,5.0,12,True,177,-1.7409738102904215,-3.8819481195316756,0.061022522921234966
C2017,Syr,5.0,18,True,165,-2.0492114909263135,-4.467266352381107,0.013253085647809356
C2017,Syr,5.0,24,True,133,-0.6282389467690938,-1.449253863427325,0.468538714637536
C2018,Fis_Cyc,20.0,6,False,195,-0.8308239693174556,-2.1962244095240675,0.2750931509414853
C2018,Fis_Cyc,20.0,12,False,183,-0.89271069342345,-2.011013636337696,0.27710678226071617
C2018,Fis_Cyc,20.0,18,False,169,-0.8589105498733894,-1.8845997355899418,0.25604934858024264
C2018,Fis_Cyc,20.0,24,True,131,-1.189918394283712,-2.8108989528375417,0.2018715932791621
C2018,Fis_On,20.0,6,False,193,-0.45455031002129626,-1.2015716001135945,0.3104709106061832
C2018,Fis_On,20.0,12,False,180,-0.4959765571150129,-1.11728875548374,0.364987090502037
C2018,Fis_On,20.0,18,False,159,-0.2902885740877578,-0.6369438238373174,0.6807703550845241
C2018,Fis_On,20.0,24,True,119,-0.8658891924921064,-2.0454570970091965,0.31463569661322877
C2018,SG1002,18.0,6,False,196,0.05686680435583875,0.15032337586567826,0.77199518981213
C2018,SG1002,18.0,12,False,186,0.3222523573665313,0.7259394222341456,0.4826383579139444
C2018,SG1002,18.0,18,True,165,0.0504634252734031,0.11072556733787621,0.9103158607674103
C2018,SG1002,18.0,24,True,133,-0.3641239588119041,-0.860156174948082,0.6987572288183066
C2019,Asta,12.0,6,False,193,0.6034758454993469,1.6675372782580742,0.19027872478984303
C2019,Asta,12.0,12,True,189,0.6268417170427568,1.4782447144518167,0.21669246553343588
C2019,Asta,12.0,18,True,171,-1.643635437521633,-3.813226111204554,0.04384454357178336
C2019,Asta,12.0,24,True,150,-0.823548995070033,-2.0047157900543073,0.33737535945365715
C2019,DMF_16,16.0,6,False,190,-1.0839748688016013,-2.9952623885482943,0.16127544417877682
C2019,DMF_16,16.0,12,False,180,-1.1491078004905249,-2.7098747358810606,0.14030279549018948
C2019,DMF_16,16.0,18,True,162,-0.1315042646416643,-0.30508924559479633,0.9164870849400474
C2019,DMF_16,16.0,24,True,128,-1.3974775972056448,-3.401795669882484,0.09627986732057307
C2019,DMF_9,9.0,6,False,193,-0.9274260145185637,-2.562683268219875,0.26181589418142126
C2019,DMF_9,9.0,12,True,189,-1.48214629608109,-3.4952602366073258,0.09653469799934422
C2019,DMF_9,9.0,18,True,167,-0.3972167949975182,-0.9215410059407332,0.748766543369173
C2019,DMF_9,9.0,24,True,134,-2.0960211333933922,-5.1022181892698875,0.01633689573108882
C2019,MPA,9.0,6,False,190,-0.507069626667306,-1.40114556605075,0.5243351241524732
C2019,MPA,9.0,12,True,180,-1.3846493780506002,-3.26533887075783,0.05932646286465021
C2019,MPA,9.0,18,True,164,-0.8249601284733866,-1.9139034306419775,0.3135085683268531
C2019,MPA,9.0,24,True,136,-0.5146515951220152,-1.2527854266035547,0.5349346683183871
C2019,Mec,12.0,6,False,193,0.5176516538752172,1.4303860484666318,0.32524574413776636
C2019,Mec,12.0,12,True,180,0.25312126350721487,0.5969212956344822,0.7055250566337892
C2019,Mec,12.0,18,True,167,-1.5756598908059027,-3.6555231779734028,0.0497664962742551
C2019,Mec,12.0,24,True,149,-3.7627912598838242,-9.15953646780417,1.1063535525452266e-06
C2019,PBA,9.0,6,False,196,0.34167731361294934,0.944130012549582,0.42625291354237005
C2019,PBA,9.0,12,True,189,0.1136407174574238,0.2679923581354278,0.7610422657978255
C2019,PBA,9.0,18,True,174,1.2425908809522652,2.8828047172896776,0.046829498579519444
C2019,PBA,9.0,24,True,138,0.7332537709059879,1.7849155562712995,0.3382006903483991
C2019,SG1002,6.0,6,True,194,-1.1132194641323012,-3.0760716757222695,0.13844280392603614
C2019,SG1002,6.0,12,True,182,-0.6147174757162579,-1.449652814502674,0.389663124675591
C2019,SG1002,6.0,18,True,163,0.40191183908827405,0.9324334850826543,0.5564395354974923
C2019,SG1002,6.0,24,True,125,0.2273415101909785,0.5534037658268168,0.8217821785931491
C2020,AKG_18,18.0,6,False,285,0.35311280118454946,1.039675606917738,0.34978810717915493
C2020,AKG_18,18.0,12,False,272,-0.10012688929738672,-0.24544354145261557,0.8833976476407159
C2020,AKG_18,18.0,18,True,250,-0.9211848484848524,-2.1660262770986654,0.1287426673363898
C2020,AKG_18,18.0,24,True,219,-0.8123393274883999,-1.9855600981915826,0.2580262397293439
C2020,Cana_16,16.0,6,False,192,-0.38409768289109225,-1.1309048843199125,0.5110816978405545
C2020,Cana_16,16.0,12,False,191,-0.08311954624781984,-0.20375301717809213,0.9647389904335504
C2020,Cana_16,16.0,18,True,181,-4.444736983090575,-10.451124023589216,5.682429248461855e-12
C2020,Cana_16,16.0,24,True,152,-4.946506112566483,-12.0904957204759,2.641384890771965e-14
C2020,Cana_6,6.0,6,True,95,0.8994285906582311,2.648201828806082,0.22307564369910113
C2020,Cana_6,6.0,12,True,94,-2.351343085106384,-5.763905960011607,0.014735847454698124
C2020,Cana_6,6.0,18,True,86,-1.4248692741367182,-3.3503637128714496,0.1732949571940722
C2020,Cana_6,6.0,24,True,78,-1.3159022057212117,-3.2163934754711727,0.21020347138735837
C2020,DNP,6.0,6,True,280,0.5633780142491774,1.6587628002262649,0.24482454664862421
C2020,DNP,6.0,12,True,267,1.1298397836038314,2.7696044459958964,0.06074781107710224
C2020,DNP,6.0,18,True,243,0.6305109365257419,1.4825507158081561,0.2858402765623503
C2020,DNP,6.0,24,True,204,-0.10975142696596045,-0.2682598844216496,0.9959792664917743
C2020,HYD_16,16.0,6,False,284,0.4417566460141903,1.300671081631814,0.25837613695213585
C2020,HYD_16,16.0,12,False,274,0.34622186739659305,0.8487023002359022,0.4724823190300097
C2020,HYD_16,16.0,18,True,249,1.0946949738347238,2.5740089870495066,0.05371446824311737
C2020,HYD_16,16.0,24,True,204,1.1255483591123758,2.751121156904049,0.07301725143799863
C2020,HYD_6,6.0,6,True,284,-0.02890684098195188,-0.08511086922130076,0.8239608152775757
C2020,HYD_6,6.0,12,True,278,-0.8178239908073561,-2.00475234971579,0.25017159145939155
C2020,HYD_6,6.0,18,True,265,-0.3129183076043505,-0.7357798795443515,0.795060585696286
C2020,HYD_6,6.0,24,True,218,-0.12139196774923278,-0.29671227188896376,0.9629362511862772
C2020,NEBI,6.0,6,True,280,-0.1106822022287191,-0.32588335906008054,0.9925557323745124
C2020,NEBI,6.0,12,True,271,-1.8456498564985642,-4.524287533941619,0.002929114183317762
C2020,NEBI,6.0,18,True,241,-1.392718647051429,-3.27476639577871,0.030602734684511516
C2020,NEBI,6.0,24,True,192,-1.4757591230936813,-3.6071236861283893,0.023701864743829366
C2020,OH-EST,12.0,6,False,285,0.8236391169740257,2.4250536824169613,0.06265810810902374
C2020,OH-EST,12.0,12,True,278,0.06367031374899805,0.1560766283823931,0.9293677059127927
C2020,OH-EST,12.0,18,True,267,-13.476165361479968,-31.68715631341871,1.9234994947624152e-141
C2020,OH-EST,12.0,24,True,230,-11.638961024766653,-28.448526143175904,3.939282682205297e-95
C2020,THIO,6.0,6,True,283,0.5504615780864524,1.620732732889009,0.22495939422394687
C2020,THIO,6.0,12,True,277,-0.7398688828720427,-1.8136590490027753,0.23820009781392143
C2020,THIO,6.0,18,True,264,0.40752816804407055,0.9582405986086434,0.4293543260287754
C2020,THIO,6.0,24,True,216,0.3357356665363248,0.820621777694003,0.4775347718103903
C2021,2BA,7.0,6,False,296,0.3836874971918073,1.1020643037695463,0.47644061206597355
C2021,2BA,7.0,12,True,283,1.2242045641612709,3.0017921430436396,0.03429686199694609
C2021,2BA,7.0,18,True,261,1.5208650028138633,3.593293767596874,0.012389019318370519
C2021,2BA,7.0,24,True,197,1.3556779808718775,3.3960816795565187,0.039232665919444375
C2021,DCA,7.0,6,False,300,0.5970771105190107,1.7149825702345467,0.21508957338106813
C2021,DCA,7.0,12,True,288,2.8601759058625262,7.013250737080099,1.3576754922685994e-07
C2021,DCA,7.0,18,True,266,2.290164883087626,5.410891292746221,2.274704848076736e-05
C2021,DCA,7.0,24,True,224,1.6114498709891707,4.036810704021639,0.01020151728295441
C2021,Epi,7.0,6,False,294,-0.08470856402956463,-0.24330812268790689,0.7785941183497669
C2021,Epi,7.0,12,True,285,1.0714775427192103,2.62730017787985,0.06619809879365947
C2021,Epi,7.0,18,True,254,1.2888853460974221,3.0452036654864307,0.039162180015792226
C2021,Epi,7.0,24,True,200,1.127819206008584,2.8252772394477015,0.08719994533840243
C2021,For,7.0,6,False,298,-0.6511835028112801,-1.870392178281413,0.21084330661909792
C2021,For,7.0,12,True,282,-0.23070766387742833,-0.5657032109185846,0.6620717474589999
C2021,For,7.0,18,True,267,-0.2800993125953751,-0.6617807053189926,0.6475699563759112
C2021,For,7.0,24,True,212,-0.19705779145409844,-0.49364551524303313,0.8702160107532851
C2021,Hal,7.0,6,False,303,-0.14393776024455687,-0.41343194315963394,0.9200159413824363
C2021,Hal,7.0,12,True,288,0.8908859809498009,2.18448339129909,0.05629285342042602
C2021,Hal,7.0,18,True,267,0.8507188694745677,2.009963281424887,0.09502115851876855
C2021,Hal,7.0,24,True,211,0.24195211168291544,0.6061093750950419,0.5759099358929652
C2021,M160,7.0,6,False,296,-0.0953665568622474,-0.2739210395452409,0.814222015318608
C2021,M160,7.0,12,True,289,4.055902128233872,9.945212996185612,8.489193249742802e-09
C2021,M160,7.0,18,True,282,4.563625529076899,10.78231607732313,1.5465162690683446e-10
C2021,M160,7.0,24,True,226,2.425782723739346,6.076779576649684,0.00015077467104365833
