cohort,group,sex,weight_age,within_arm,n,int_hr,int_lo,int_hi,int_p,coef,se
C2004,4-OH-PBN,m,12,True,158,0.9431810075115554,0.6894782366992235,1.2902371178375365,0.7144224820229226,-0.05849706618779868,0.15986165175410627
C2004,4-OH-PBN,f,12,True,119,0.982313267284902,0.6914403040446762,1.3955497668264236,0.9206558126514937,-0.01784501204527479,0.17915301022646565
C2004,Aspirin,m,12,True,158,1.05792734077903,0.7500103975259401,1.4922596567457322,0.7483177291103631,0.05631165506554334,0.17550315564916952
C2004,Aspirin,f,12,True,124,0.6146698747042424,0.41985374141521714,0.8998825486118092,0.01233604676071028,-0.4866699443972584,0.1944826138069991
C2004,NDGA,m,6,True,150,0.9132943804847505,0.666891099124177,1.2507388785372155,0.5718377979603237,-0.09069701828191745,0.1604271814551856
C2004,NDGA,f,6,True,102,0.7243793691286236,0.381948582574674,1.373811801792967,0.32344201017500274,-0.3224400333223611,0.3265515344929809
C2004,NFP,m,12,True,158,0.8694098773656678,0.6060885737164761,1.2471337814967252,0.44712330970722136,-0.13994059936285005,0.18407916973374558
C2004,NFP,f,12,True,122,1.0586684578273065,0.6858222761476336,1.6342118688445497,0.7968851408879467,0.05701194661771589,0.22150851114341233
C2005,CAPE_hi,m,12,True,284,0.8257317822710395,0.6386655781883841,1.0675899869013927,0.1440268038263653,-0.19148527699391873,0.13106824332039757
C2005,CAPE_hi,f,12,True,250,0.9523890827546765,0.7259105618855383,1.2495271629527787,0.7247671591068106,-0.0487816273134608,0.1385468506410392
C2005,CAPE_lo,m,12,True,290,1.06679970587186,0.8259663381318342,1.3778547138159989,0.6203664924881498,0.06466323761501669,0.1305455094031583
C2005,CAPE_lo,f,12,True,246,0.9672435286824159,0.722741192347798,1.2944606640433478,0.8227488842655764,-0.03330497585303412,0.14867574654982668
C2005,Enal,m,12,True,281,0.8477343750432597,0.640406228079181,1.1221839187690261,0.24834497073593562,-0.16518792923647121,0.1430968352414919
C2005,Enal,f,12,True,239,1.1426071229627524,0.8563906964342549,1.5244806405313927,0.3648426423468756,0.133312601283851,0.14711555388721548
C2005,Rapa,m,6,True,472,0.8801835021762212,0.7195108451101105,1.0767356778126647,0.21459537596748957,-0.12762486804799114,0.10283801804003337
C2005,Rapa,f,6,True,390,1.0197783874450317,0.8115178375756347,1.281485028852572,0.8665502160612757,0.019585336479486782,0.11655022722746149
C2006,Rapa,m,6,True,272,0.8778309521897057,0.678039217368987,1.1364935255698259,0.32270563957257253,-0.13030124125407486,0.13176206847187383
C2006,Rapa,f,6,True,223,1.2882379329659732,0.963732124668885,1.7220106391105587,0.08717730350990524,0.2532753411852161,0.1480727428849233
C2006,Res_hi,m,6,True,273,1.068555915556494,0.8246977348842379,1.3845214996632098,0.6158842000330536,0.06630812529834718,0.13216899345186767
C2006,Res_hi,f,6,True,234,1.0942397543546294,0.8292565504308784,1.4438965111435489,0.5243993854611744,0.09005983387814176,0.14147481179667623
C2006,Res_lo,m,6,True,277,0.8471591488551521,0.6738313330255741,1.0650716111204457,0.1555538222125368,-0.16586670486701355,0.11679232070698546
C2006,Res_lo,f,6,True,241,1.260079269774289,0.9729764810476182,1.6318994313257174,0.0797210791677176,0.23117463150375417,0.13192589364742033
C2006,Sim_hi,m,6,True,284,1.14116086616113,0.8790276118563964,1.4814644100967835,0.32136883885788126,0.13204604793706184,0.1331580676890486
C2006,Sim_hi,f,6,True,230,1.0852867361091707,0.8264971592319715,1.425107499061485,0.555944137722395,0.08184422499016603,0.13898368846147893
C2006,Sim_lo,m,6,True,283,0.9707317470695592,0.7521536522085345,1.2528292882734826,0.8194756592686323,-0.029705113462863197,0.13016031912207157
C2006,Sim_lo,f,6,True,228,1.1705777390444512,0.9082579583490304,1.5086597706637999,0.22374394554262933,0.1574974209885862,0.1294535351772249
C2007,Cur,m,12,True,257,1.0503065733227548,0.7972789837180627,1.383635992536191,0.7270802584351829,0.04908209614624524,0.14063152050579056
C2007,Cur,f,12,True,263,1.2461742535350133,0.9482117661444661,1.637767348625102,0.11444123405420278,0.22007826093624092,0.13941872542346573
C2007,GTE,m,12,True,263,0.9687093272803521,0.7462495152823471,1.2574852533135716,0.8112470520469822,-0.0317906839388267,0.13311702762529562
C2007,GTE,f,12,True,260,1.1315134933111564,0.8707235270981102,1.4704125313027792,0.3553081869689698,0.1235561111738254,0.13366923364532105
C2007,MCTO,m,12,True,267,1.0529145684246997,0.8080931860401607,1.3719074823950748,0.7025528035679349,0.05156209826001705,0.13502288725751502
C2007,MCTO,f,12,True,262,1.3862832891122778,1.0681536584041063,1.7991618926280948,0.014062874288335938,0.32662627318114873,0.13300992780390986
C2007,OAA,m,12,True,264,1.0787058622275945,0.8101644554810209,1.436259427739652,0.6039762658112722,0.07576204691455658,0.1460639428267032
C2007,OAA,f,12,True,265,1.2359026378381008,0.9434040855989785,1.6190891618254721,0.12425891554184139,0.21180158395717738,0.1377893489427114
C2007,Res,m,12,True,267,0.7909717667619532,0.611625783723923,1.0229070658292045,0.07388362058988397,-0.23449300494637265,0.13119712661854685
C2007,Res,f,12,True,262,1.2551659758047957,0.9738275611453856,1.6177829522148868,0.07923416864083457,0.2272678154765579,0.1294864856890118
C2009,17aE2,m,6,True,436,0.8367690410323539,0.6742753683475178,1.038422076348687,0.10572442325950197,-0.17820718321014065,0.1101599374380851
C2009,17aE2,f,6,True,374,0.9404770605120787,0.7504216685379373,1.1786667928615717,0.5941767743342652,-0.06136802127526931,0.1151817003930005
C2009,ACA,m,12,True,422,0.8035505552642764,0.6520312585584457,0.9902799695417508,0.04020995972526233,-0.21871517697332576,0.10660787662692567
C2009,ACA,f,12,True,372,1.1630564729239707,0.923635720544057,1.4645388101854209,0.19897874889693654,0.1510514303318066,0.11759856765711352
C2009,MB,m,12,True,407,0.8629057623157786,0.6887855865901,1.0810422998599913,0.19974158380149132,-0.14744979164131503,0.11498959246997073
C2009,MB,f,12,True,376,0.995487832390784,0.7960479306048354,1.2448949194367545,0.9683756985711699,-0.004522378163548135,0.11407020956652897
C2009,Rapa_hi,m,6,True,413,0.7574324706674631,0.5975210551769893,0.9601401367379144,0.021667603735167844,-0.27782089320621145,0.12099450075193209
C2009,Rapa_hi,f,6,True,361,1.0104882317340511,0.8084562893333503,1.2630076355952315,0.9269553022431853,0.010433611810597517,0.11380937552980258
C2009,Rapa_lo,m,6,True,442,1.229054032571503,0.9903763643896815,1.5252522872061498,0.0611813488898613,0.20624479428103024,0.11016275708750879
C2009,Rapa_lo,f,6,True,355,0.8490340257062954,0.6635296862856749,1.08640018933031,0.19321679986858045,-0.16365601608129288,0.12578071338108673
C2009,Rapa_mid,m,6,True,432,0.9596461010962895,0.7828733551624967,1.17633412004188,0.6917093001756474,-0.041190707177778584,0.10387621078182453
C2009,Rapa_mid,f,6,True,356,0.7852794562552405,0.6194250304757263,0.9955423079091922,0.04583904586365389,-0.2417156293213899,0.12104710799137818
C2010,FO_hi,m,6,True,450,0.9001472147855367,0.7400818697596071,1.094831587415253,0.2923235017884118,-0.10519695705033487,0.09989852292558019
C2010,FO_hi,f,6,True,414,1.0331433870903832,0.8359789682117481,1.276808746243754,0.7628115409242611,0.032605986981427484,0.10804168469782603
C2010,FO_lo,m,6,True,451,1.0244325347860448,0.8372290343111606,1.2534945341349961,0.8146353747016608,0.02413883468470702,0.10295926100228885
C2010,FO_lo,f,6,True,410,0.9837323026300921,0.7908737085943616,1.2236204500436247,0.8828838631128935,-0.01640146911491541,0.11133649240744845
C2010,ND_hi,m,12,True,419,0.8538597062403911,0.6784871953388962,1.0745617646870431,0.1780159791418671,-0.15798837709577893,0.11729873437285716
C2010,ND_hi,f,12,True,407,1.0262475645129412,0.8124197514745324,1.2963545774917788,0.8279438765581834,0.025909008590884505,0.11920991788925234
C2010,ND_lo,m,12,True,406,0.8240631482689679,0.6480229836500496,1.0479259061306458,0.11452508204632655,-0.1935081157603252,0.12261500762177198
C2010,ND_mid,m,12,True,411,0.8642715076301631,0.6927977363262994,1.0781866044514665,0.1960874707780704,-0.14586831460036337,0.11283313178746003
C2011,17aE2,m,6,True,397,0.8225495478897948,0.6530919450907607,1.0359762722838053,0.09697944361997085,-0.1953465575615066,0.11770154949540658
C2011,17aE2,f,6,True,390,1.1251427388915312,0.8971179107412521,1.411125748046136,0.3075364086048399,0.11790990662261636,0.1155520631345592
C2011,Met,m,6,True,408,0.8838219196525298,0.7065669970314901,1.1055443983940694,0.2795252010535307,-0.12349968499480607,0.11420493878403105
C2011,Met,f,6,True,403,1.1446512437103018,0.9033403736316284,1.4504239021888725,0.2633900992199696,0.13509999996302588,0.1207960258194778
C2011,MetRapa,m,6,True,417,0.8677485200648205,0.705026858138571,1.0680266792427482,0.18062934785015544,-0.14185332972735346,0.10595401352053498
C2011,MetRapa,f,6,True,413,1.079156417378515,0.8616023141684807,1.3516428101671814,0.5072145041306619,0.07617964090257565,0.11487002308484236
C2011,Prot,m,6,True,405,0.9442935823585143,0.7585119583951375,1.1755785255780518,0.6080974446936294,-0.05731816292543324,0.1117768251218963
C2011,Prot,f,6,True,390,1.2440955493746735,0.986822635225312,1.5684416639069916,0.06463964278884146,0.21840879954638853,0.11820306799349611
C2011,UDCA,m,12,True,414,0.6598823974793042,0.5299086356041834,0.821735577127471,0.00020381556093447854,-0.41569364547603044,0.11191890728747969
C2011,UDCA,f,12,True,420,0.7357300700943827,0.5809334643372442,0.9317740658280445,0.010888181795241475,-0.3068919801125938,0.12052622887552605
C2013,ACA_hi,m,6,True,468,0.8787254200101744,0.716168877409452,1.078179167133222,0.21544657090043243,-0.12928280778739273,0.10436746356313194
C2013,ACA_hi,f,6,True,434,0.9479317725716273,0.7757644317512907,1.1583086419961948,0.6010510629925571,-0.053472749178222596,0.10226393169384268
C2013,ACA_lo,m,6,True,465,1.0153650658287325,0.8274782401328817,1.2459133870877708,0.8838776426550399,0.015248218594949707,0.10440022786008292
C2013,ACA_lo,f,6,True,422,0.9726205783069445,0.7920559419991012,1.1943484534167015,0.791046752811096,-0.02776122319911704,0.10477847258708158
C2013,ACA_mid,m,6,True,462,0.8608602746839342,0.6982715597746673,1.0613068829096317,0.16066517882889655,-0.14982307032070835,0.10679998668020102
C2013,ACA_mid,f,6,True,425,0.9167712615193392,0.7498403186909353,1.1208647027877148,0.3967997373461628,-0.08689728002329343,0.10255174334540415
C2014,Asp_200,m,6,True,287,0.9107895853112246,0.6927501548374533,1.1974557680265476,0.5033117285501467,-0.09344337951841994,0.13961608191161212
C2014,Asp_200,f,6,True,280,1.086334486451784,0.8420818461985183,1.4014345776268533,0.523952926230553,0.08280917266430668,0.12994485593909136
C2014,Asp_60,m,6,True,291,0.8218038778381183,0.6504030230591558,1.038374038381957,0.10008574741156087,-0.19625350383123477,0.11934380977059791
C2014,Asp_60,f,6,True,279,1.160813594717404,0.9014887547149397,1.4947365617520452,0.24767807037813985,0.1491211340263294,0.12899667871879433
C2014,Gly,m,6,True,291,0.9263334681350773,0.7220090676052306,1.1884804951734151,0.5472755327831912,-0.07652099238589968,0.12714345301132618
C2014,Gly,f,6,True,275,0.9131710145541088,0.7050799696039568,1.182676203793126,0.4912028906497541,-0.09083210535355264,0.1319472945558151
C2014,Inu,m,6,True,290,0.9930543133889974,0.7671220188344273,1.2855280452500495,0.9577954916092956,-0.0069699201699132815,0.13170623863513567
C2014,Inu,f,6,True,279,0.923791435673877,0.7142652480282241,1.1947810970507713,0.5458534636652591,-0.07926895178647875,0.13124319632132597
C2014,TM,m,6,True,287,1.1292414612772927,0.8869814194354412,1.4376696624370378,0.3238703248422189,0.1215461341135773,0.12320500813237653
C2014,TM,f,6,True,280,0.9406620368272188,0.726069140887301,1.2186787975131363,0.6433503885356513,-0.06117135712002633,0.13211399711037225
C2015,DMAG,m,12,True,260,0.9831450437964979,0.7594291259805505,1.272764164652769,0.8973263523360002,-0.016998617536103787,0.1317318391982445
C2015,DMAG,f,12,True,266,1.1129555131747355,0.8375120171631801,1.4789877027695204,0.46070345186387296,0.10701910130116915,0.1450734656750318
C2015,Min,m,12,True,259,0.9778704165763762,0.7277534855066,1.3139484326201603,0.8819716794029179,-0.02237811611417006,0.15072460165359433
C2015,Min,f,12,True,269,1.128297414485174,0.8561523725296615,1.4869491651029954,0.3913637596925277,0.1207097836460102,0.14082743316356386
C2015,MitoQ,m,6,True,279,1.0043708656838009,0.7636066999175307,1.3210476491934569,0.975117947459662,0.004361341193813474,0.13983101547032842
C2015,MitoQ,f,6,True,275,1.095254104993256,0.8402386724365327,1.4276676304674472,0.5010731193724376,0.09098639570142864,0.13523497954161165
C2015,bGPA,m,12,True,255,0.9460483008834715,0.7173815135919066,1.247603082386706,0.6944120806581833,-0.05546165321732036,0.1411688336118727
C2015,bGPA,f,12,True,274,1.1805828726685597,0.9212568555197953,1.5129069714785968,0.18957200375333277,0.16600827640815738,0.12654552447374617
C2015,rapa_hi_continuous,m,6,True,280,1.1526031303330782,0.8866942850552623,1.4982548082745495,0.2885461668402147,0.1420229759052349,0.13381776184414204
C2015,rapa_hi_continuous,f,6,True,274,1.1314151149844638,0.8812057908195183,1.4526688042129394,0.3329250463096839,0.12346916337848272,0.12751931051279405
C2015,rapa_hi_cycle,m,6,True,280,1.5486691355578934,1.1615167219824387,2.064865744968495,0.0028816378832791523,0.4373959398832451,0.14677273263295182
C2015,rapa_hi_cycle,f,6,True,272,0.9766989589276986,0.7471208971737927,1.2768226132865723,0.8630795002679154,-0.02357680243723051,0.13671244115441483
C2015,rapa_hi_start_stop,m,6,True,273,0.8722361695208419,0.6722515902899252,1.131713106237917,0.3035926025507427,-0.1366950551363002,0.1328736472359101
C2015,rapa_hi_start_stop,f,6,True,273,1.0323393029974672,0.8012831029717429,1.3300223511026403,0.8055235675232206,0.031827394996711555,0.12927194297171327
C2016,17aE2_16m,m,6,True,441,0.6579680456475723,0.5319374518120109,0.8138587490287906,0.00011407590678687055,-0.4185989116816679,0.10848692033632498
C2016,17aE2_20m,m,6,True,438,0.9030782581076842,0.730873544502003,1.115856971977967,0.3449530184323756,-0.10194606474922976,0.10794522800099822
C2016,CC,m,6,True,434,0.8665855912183515,0.6936746398532243,1.082597724873089,0.20729199423253508,-0.14319439661082578,0.11355201024362509
C2016,CC,f,6,True,439,1.0899099486228998,0.8853348045012652,1.3417564632809762,0.41695434159444367,0.0860950768858737,0.10606545521763475
C2016,Cana,m,6,True,436,0.7910755305248632,0.6388967325316866,0.9795017929038428,0.03155820785991028,-0.23436182838390607,0.10900741998197251
C2016,Cana,f,6,True,439,0.9897552800832246,0.8032800756610239,1.2195192488080708,0.9229786993008766,-0.010297558245565604,0.10650924334422558
C2016,GGA,m,6,True,431,0.9075360857771673,0.7326361701695834,1.124189305036766,0.37440800106148886,-0.09702194969191365,0.10922859273032422
C2016,GGA,f,6,True,438,1.0417203021826948,0.8572065964023745,1.265950580098218,0.6811244940019654,0.04087348329007273,0.09946601312594754
C2016,MIF098,m,6,True,433,0.9960187467738018,0.8071848780889491,1.2290286536011314,0.9703302761819793,-0.003989199512621695,0.10725367713309154
C2016,MIF098,f,6,True,439,0.9807760920271396,0.7949249444046242,1.210078699206602,0.8563019233344119,-0.019411090089194425,0.10719405555745883
C2016,NR,m,6,True,436,0.9441932728998321,0.7633957216917044,1.1678097102950853,0.5964514005581063,-0.057424395551302236,0.10844808837981063
C2016,NR,f,6,True,436,1.0941491321768984,0.8941342651911579,1.3389066609448383,0.3823562811243788,0.08997701296971873,0.10300002697485237
C2017,BD,m,12,True,255,0.9085531449805061,0.7214302742933394,1.144211501329824,0.4150453152142334,-0.09590189535489033,0.11766422843910083
C2017,BD,f,12,True,274,1.0587221320701492,0.8131281527206727,1.3784943359601194,0.6717461239283189,0.05706264509829895,0.1346602282562106
C2017,Capt,m,12,True,258,0.8270607059013484,0.6258129329414018,1.0930253678699318,0.18197153032278945,-0.18987718169314916,0.14226108347584973
C2017,Capt,f,12,True,272,1.063836783270834,0.803771991658843,1.4080469501111956,0.6652553162625813,0.06188197997104782,0.1430238640451724
C2017,Leu,m,12,True,239,0.9345709217063219,0.7160882654322736,1.2197138954256626,0.6184392983042474,-0.06766776228958099,0.135861721790174
C2017,Leu,f,12,True,275,1.2247049130853978,0.9256926681789992,1.6203024780201443,0.15580724941304674,0.20269992770146367,0.14281533801077576
C2017,PB125,m,12,True,247,0.9060334983189585,0.6794267156938448,1.2082196374008831,0.5016111064780707,-0.09867899976068899,0.14685315855650505
C2017,PB125,f,12,True,266,1.069905098849468,0.8051110473661505,1.4217876208367337,0.641391988651702,0.06756995187633931,0.14507665352930554
C2017,RaAc_16,m,6,True,298,1.0025120611798444,0.7672857875388319,1.3098514909742103,0.9853283254515811,0.0025089112283032955,0.13643355490156833
C2017,RaAc_16,f,6,True,277,0.9365622727581447,0.7243269391103394,1.2109847686063795,0.6171627037671988,-0.06553926410513032,0.13111115974069082
C2017,RaAc_9,m,6,True,296,0.8971637015227808,0.6941643875855739,1.1595275149876973,0.4070464115681497,-0.10851693466367181,0.13088482449906672
C2017,RaAc_9,f,6,True,276,1.012183697793782,0.7653039945395202,1.3387044173158147,0.9323467796231784,0.012110073951665074,0.1426517128700017
C2017,Sul,m,12,True,244,1.0431767080687255,0.8100829766067779,1.3433409609659461,0.7432071616414517,0.04227058455288336,0.12902746318537325
C2017,Sul,f,12,True,276,0.944192621539432,0.719710081704323,1.2386928142765101,0.6784488392263279,-0.05742508541072357,0.13851363040000492
C2017,Syr,m,12,True,245,0.7816806089720907,0.6032308727028971,1.0129199318084638,0.0624799465927655,-0.24630905029086878,0.13221989476068513
C2017,Syr,f,12,True,272,0.9929066534817148,0.7614161688175194,1.2947763166880288,0.9580829419367504,-0.007118623905805221,0.13543951715729918
C2018,Fis_Cyc,m,6,True,311,0.8950829046240747,0.6983470189433013,1.147242537617702,0.38143111934434804,-0.11083893413236737,0.12663508400116946
C2018,Fis_Cyc,f,6,True,282,0.964971745470717,0.7550194459464212,1.2333066049571408,0.7757718343762512,-0.035656457376754915,0.12518358418978576
C2018,Fis_On,m,6,True,305,1.277609510705194,0.9894278196731583,1.6497272760973758,0.060316884102711,0.24499076208725856,0.13042036841818216
C2018,Fis_On,f,6,True,286,1.1706314420000379,0.9091885085000563,1.507253952494279,0.2218222195103633,0.15754329724435276,0.12895447337545357
C2018,SG1002,m,6,True,313,1.0090163253652062,0.8031712540692186,1.2676175095850244,0.9385401717147865,0.008975920988060028,0.11641195589784128
C2018,SG1002,f,6,True,281,1.3384528199045393,1.022901146767355,1.7513480718756644,0.03358484544307119,0.29151433487330675,0.13718184896234764
C2019,Asta,m,6,True,309,0.8796193479323486,0.6807426153763269,1.1365972686008472,0.3266666072524234,-0.1282660242583744,0.13077024528341782
C2019,Asta,f,6,True,280,0.9032418573510441,0.689989546994624,1.182403206576868,0.45893216580284546,-0.10176492382918223,0.1374075794677191
C2019,DMF_16,m,6,True,304,1.0486471628825857,0.7998931809743445,1.374759653385477,0.7309783406613546,0.04750091714522828,0.13815458002925746
C2019,DMF_16,f,6,True,282,1.0948106277106284,0.8565343381725132,1.3993721642327548,0.4694758373589262,0.09058140558212606,0.12522795228382852
C2019,DMF_9,m,6,True,306,1.0577042105364156,0.8213262259171743,1.3621118645483021,0.6637679187797165,0.05610072018578806,0.12905115539118273
C2019,DMF_9,f,6,True,283,1.043528124884981,0.8161407800008167,1.3342685160578238,0.7340244699214638,0.042607399625171606,0.12539812769606332
C2019,MPA,m,6,True,303,0.9888276705081462,0.7704652515770292,1.269077560553438,0.9296780487879104,-0.011235208742112134,0.1273112756164527
C2019,MPA,f,6,True,283,0.895373626587766,0.7000819413740123,1.1451429951406655,0.3786713769342799,-0.11051418794481324,0.12553480863925623
C2019,Mec,m,6,True,306,0.9588447282448767,0.7494330871513851,1.226771580605803,0.7381711772436088,-0.04202612727545647,0.12572277691954822
C2019,Mec,f,6,True,283,1.0610973439151672,0.815806608592196,1.3801402947774468,0.6583810876614202,0.059303602751467364,0.13412570649568534
C2019,PBA,m,6,True,308,0.9676428341916765,0.7603646785415432,1.2314257631725891,0.7891393536995336,-0.03289223273530791,0.12299454978162282
C2019,PBA,f,6,True,284,0.8952772587658518,0.6842064111428618,1.1714613558275193,0.4200230856226691,-0.11062182235059878,0.13718303804393556
C2019,SG1002,m,12,True,284,1.0967653359512055,0.8534579527998647,1.409435811334268,0.4704478228478307,0.09236524405391468,0.12797390586472815
C2019,SG1002,f,12,True,279,1.0240744798092483,0.7943656583309421,1.3202088096306774,0.854353304768472,0.02378925816103224,0.12959455226950242
C2020,AKG_18,m,6,True,452,1.1332298321846581,0.9013030395194817,1.4248369263659961,0.284380135264559,0.12507181424071737,0.1168315117521148
C2020,AKG_18,f,6,True,404,0.9189500243401033,0.7398835284676673,1.141354165544962,0.4446623607031256,-0.08452353858379066,0.1105831343127127
C2020,Cana_6,m,12,True,337,0.659770864007129,0.4689619460731479,0.9282151710553004,0.01695628246805995,-0.4158626799878918,0.17417206385900075
C2020,Cana_6,f,12,True,314,0.8481577467989689,0.6149175201538486,1.169866754284577,0.3155000521794984,-0.1646886383216167,0.1640736758203618
C2020,DNP,m,12,True,423,1.0184422115489442,0.8031053586863777,1.2915173918914828,0.8801493158962762,0.01827421629145788,0.12119793295852686
C2020,DNP,f,12,True,401,0.9850651746697168,0.7908852081557703,1.2269206559189583,0.8931427643568183,-0.015047472821621867,0.11201990092094366
C2020,HYD_16,m,6,True,451,1.1067571092299424,0.8801010642574753,1.3917848171953449,0.3856265243681457,0.10143421612874393,0.1169168159687083
C2020,HYD_16,f,6,True,404,0.9194489805233893,0.7504211613986538,1.1265492916135886,0.41778224955490806,-0.08398072258550368,0.10364474069240899
C2020,HYD_6,m,12,True,436,0.948782646025364,0.7532490373346151,1.19507422483303,0.655232407509883,-0.052575541351390996,0.11774901960307631
C2020,HYD_6,f,12,True,399,0.8660596909000582,0.7018542899931671,1.0686824870860396,0.18002875979885458,-0.1438014456587419,0.10726116225223777
C2020,NEBI,m,12,True,431,1.2701925408808,0.9966219176553162,1.6188577256106629,0.05328291586353077,0.23916849597207704,0.12375344589614129
C2020,NEBI,f,12,True,397,0.9978396916734418,0.7914153575814187,1.2581055456413934,0.9854087481622054,-0.002162645158716301,0.11825201957878857
C2020,OH-EST,m,6,True,452,0.9716636185280532,0.7869692095747486,1.1997041003436537,0.7892819381810195,-0.028745605891445977,0.10756348121433501
C2020,OH-EST,f,6,True,404,0.8098392353501378,0.6544209602361258,1.0021677589236417,0.052374047518392426,-0.21091952589077043,0.10871880314938172
C2020,THIO,m,12,True,432,1.1442466154743929,0.9100082059116857,1.438778583005072,0.24890015241367575,0.1347464426922195,0.11686342531059314
C2020,THIO,f,12,True,402,0.7219861844694933,0.5840930895993847,0.8924331752021576,0.002592237710107528,-0.3257492753561933,0.10813751434893731
C2020,Cana_16,m,6,True,400,0.8423454868065722,0.6554056098243084,1.0826058070110292,0.18023613478135547,-0.17156503202434484,0.12803089919963015
C2020,Cana_16,f,6,True,363,0.8481034052854471,0.6666285775432562,1.0789807252301582,0.17986997718392406,-0.16475271042923254,0.12284385575214544
C2021,2BA,m,6,True,457,1.0808733562557722,0.8721866845720969,1.3394921442039558,0.4773713332242532,0.07776937754399663,0.1094515865652416
C2021,2BA,f,6,True,430,1.2505246662734895,1.0153376470496946,1.540189064694341,0.03545208321888709,0.22356319626973892,0.10629888280890967
C2021,DCA,m,6,True,461,1.037695458974954,0.8576741748856155,1.2555022607750206,0.7034756235530804,0.037002349571485675,0.09721267954015904
C2021,DCA,f,6,True,430,1.1352815797113887,0.9297239356843895,1.3862870641092249,0.2131409531169462,0.12688070801610757,0.10191426467188118
C2021,Epi,m,6,True,455,1.0899280978249832,0.8706070013194557,1.3645000058901304,0.45253491714325844,0.08611172876706592,0.11463289044497944
C2021,Epi,f,6,True,430,1.0889266535822835,0.8941380088798944,1.3261501525556871,0.3968792177922983,0.08519248960018565,0.10055676253682236
C2021,For,m,6,True,459,1.109463471556925,0.9012832171910691,1.3657296299773383,0.3272328203189329,0.10387653951091942,0.10602861859310324
C2021,For,f,6,True,430,1.0462651404795364,0.8575360897209495,1.2765302327262757,0.6558691517808679,0.04522681390397302,0.10149106267388926
C2021,Hal,m,6,True,464,1.269915889143915,1.0207924099621224,1.57983773170886,0.03197925470833783,0.23895066925672223,0.11141606314217813
C2021,Hal,f,6,True,430,1.0154376404459162,0.8238207098829663,1.2516237929741436,0.8858309964463239,0.015319692418566665,0.10669688418221883
C2021,M160,m,6,True,457,1.0365886313823016,0.8434825301214606,1.2739042627904862,0.7326141416805463,0.03593515949579219,0.105181140832361
C2021,M160,f,6,True,430,1.1523507069668297,0.93198364143416,1.4248234548446874,0.1903695673195614,0.1418039490742653,0.1082897274175826
